colA,colB,colC,colD,colE
89,TRUE,5/13/2020,Elt,90.50302456
62,FALSE,5/4/2020,Cur,-78.32632493
16,FALSE,3/13/2020,Zqw,-7.131880343
37,FALSE,6/24/2020,Vqq,-13.81622176
18,NA,4/29/2020,Sqm,-24.26835136
40,FALSE,1/30/2020,Maa,-31.96037751
36,FALSE,3/13/2020,Gym,-2.28741714
78,FALSE,4/26/2020,Nsn,179.2280177
65,FALSE,1/22/2020,Zbz,17.48895518
34,FALSE,5/5/2020,Xjm,-6.396871438
85,FALSE,3/21/2020,Utp,58.26847843
47,NA,5/12/2020,Lix,-23.29991785
20,FALSE,1/14/2020,Otu,29.24086823
50,TRUE,4/3/2020,Nrs,-65.94451884
73,NA,4/25/2020,Nqs,26.8768469
79,FALSE,2/9/2020,Wie,-95.87588431
42,FALSE,1/1/2020,Gbn,-34.68362307
61,FALSE,6/19/2020,Ksm,-71.18233011
48,TRUE,2/20/2020,Qmx,60.35955541
19,TRUE,1/14/2020,Etv,-3.151235806
1,FALSE,5/24/2020,Via,0.406378239
70,TRUE,4/21/2020,Nnn,22.33688636
69,FALSE,3/8/2020,Kvu,31.8684856
45,FALSE,1/2/2020,Qiz,-6.845416603
86,FALSE,5/31/2020,Jot,-180.6776373
2,FALSE,1/26/2020,Glv,-1.671947249
37,FALSE,4/19/2020,Ozw,-62.10392223
73,TRUE,4/18/2020,Gab,3.054645837
63,FALSE,6/2/2020,Gpk,-20.66757521
20,FALSE,5/9/2020,Ibe,1.787950094
43,NA,6/3/2020,Bnr,76.27408221
12,FALSE,4/26/2020,Wjj,-1.992498804
74,TRUE,5/10/2020,Lat,-49.42226129
32,FALSE,3/13/2020,Svm,-3.818704221
68,FALSE,3/28/2020,Dka,21.82978386
95,FALSE,3/25/2020,Syy,115.8446915
49,NA,6/22/2020,Rjd,32.14336872
27,NA,6/4/2020,Sfu,8.314814719
64,TRUE,6/14/2020,Dmb,-88.78265157
4,FALSE,6/16/2020,Cco,-1.587437494
10,FALSE,3/4/2020,Dfp,10.79035032
1,FALSE,6/24/2020,Vuk,2.243482096
27,NA,1/9/2020,Tfd,16.33028644
59,FALSE,2/18/2020,Sjr,-43.7681872
22,TRUE,1/16/2020,Dnu,25.43614795
38,TRUE,1/7/2020,Dpk,29.96439109
77,FALSE,2/20/2020,Lra,-28.34427128
51,FALSE,2/6/2020,Yuf,-98.45571879
97,FALSE,5/31/2020,Hqk,41.26194819
32,FALSE,5/11/2020,Oio,27.26158681
63,FALSE,2/21/2020,Anc,53.32704606
91,FALSE,4/11/2020,Jzt,79.50637794
30,TRUE,6/27/2020,Enr,-27.56805377
49,FALSE,4/9/2020,Tzd,-25.83316205
99,TRUE,5/28/2020,Vib,129.4187362
65,NA,1/30/2020,Ajy,28.63582606
16,TRUE,1/29/2020,Hlf,-18.20821284
92,TRUE,5/3/2020,Bsh,23.22234854
54,TRUE,1/7/2020,Ybf,9.166060094
48,TRUE,1/25/2020,Axw,23.02272614
65,FALSE,6/26/2020,Rbi,0.703345169
35,FALSE,4/20/2020,Ejl,-2.953897087
38,FALSE,4/8/2020,Lqq,-25.34224318
43,FALSE,6/15/2020,Hde,-17.0748541
32,FALSE,3/6/2020,Tsx,-1.179117908
67,TRUE,6/7/2020,Lqc,-73.14220554
76,FALSE,6/7/2020,Tmf,-88.59272719
40,FALSE,1/19/2020,Qyr,-50.13245619
64,TRUE,6/8/2020,Yop,34.47941883
89,FALSE,5/18/2020,Rri,54.97433828
59,FALSE,1/4/2020,Spl,40.29166121
1,NA,1/5/2020,Vtt,-0.130672389
47,TRUE,3/1/2020,Bhj,-51.95374119
47,FALSE,5/15/2020,Vnx,50.0750403
52,TRUE,5/23/2020,Out,15.76603187
95,NA,4/5/2020,Jrv,102.5991165
4,TRUE,4/23/2020,Sdc,-4.933407446
74,TRUE,5/9/2020,Fvd,126.1932
91,TRUE,4/5/2020,Cnd,-196.2751109
60,NA,5/28/2020,Fmj,-56.76160268
65,TRUE,4/14/2020,Jbd,-2.519547727
57,TRUE,6/24/2020,Iqv,107.4119327
51,TRUE,4/12/2020,Dqg,-26.90301643
27,FALSE,6/30/2020,Erb,-54.4883424
73,TRUE,2/10/2020,Jbi,-45.90862455
93,TRUE,6/13/2020,Rbb,-78.2706749
58,FALSE,3/29/2020,Itr,16.74784595
17,TRUE,6/28/2020,Lof,21.46859795
33,FALSE,1/25/2020,Kbw,24.66563118
89,FALSE,4/3/2020,Hll,30.03069445
24,TRUE,1/26/2020,Tla,24.1553443
83,TRUE,5/15/2020,Xci,-41.81597371
92,TRUE,3/5/2020,Yro,50.51040683
27,TRUE,2/8/2020,Cht,20.88907413
36,NA,1/17/2020,Bjp,44.24790704
71,TRUE,4/24/2020,Zfs,-19.73712192
1,TRUE,1/30/2020,Mpr,-0.625672914
18,FALSE,2/3/2020,Weo,-9.275818152
93,FALSE,1/18/2020,Zgh,-122.8651052
43,FALSE,5/10/2020,Smo,-58.75332201
36,FALSE,2/22/2020,Xow,13.82414077
73,TRUE,4/1/2020,Tlq,28.04916568
79,TRUE,3/6/2020,Rks,-84.51730346
48,TRUE,1/27/2020,Hbw,28.92311933
61,FALSE,1/23/2020,Fpj,75.68885238
47,TRUE,3/2/2020,Fsj,34.59533117
87,FALSE,1/13/2020,Ejx,68.08350039
20,TRUE,5/27/2020,Lgd,-21.10985915
67,NA,3/31/2020,Fuf,65.33645987
15,FALSE,3/3/2020,Rso,10.45747378
77,FALSE,1/7/2020,Wxm,-6.321022627
72,NA,1/26/2020,Kcl,22.24622473
64,NA,3/6/2020,His,-51.35229155
26,NA,6/2/2020,Get,-20.53201396
80,TRUE,6/6/2020,Xsm,40.43815686
22,FALSE,1/25/2020,Rgf,3.612701418
30,FALSE,4/9/2020,Str,67.85624955
55,FALSE,4/10/2020,Mhe,-27.88557328
56,FALSE,1/10/2020,Fyt,-1.65712043
28,FALSE,4/15/2020,Eii,-9.915584588
67,FALSE,2/25/2020,Tff,56.29503284
46,TRUE,5/23/2020,Usn,33.16397315
57,NA,6/20/2020,Yjd,-0.248016609
49,NA,3/13/2020,Mng,41.64028634
92,FALSE,6/16/2020,Evd,-55.42851989
22,FALSE,6/2/2020,Shp,-83.5157495
70,NA,6/4/2020,Pjd,-51.12386687
53,FALSE,6/15/2020,Sjf,-33.36522229
51,NA,5/6/2020,Nqn,-75.36675753
38,FALSE,4/28/2020,Onu,11.73304102
79,FALSE,2/17/2020,Gdi,111.4563861
27,FALSE,4/7/2020,Mwx,24.98098121
67,FALSE,3/15/2020,Zvq,-23.63109295
2,FALSE,6/5/2020,Zym,-0.566369828
35,FALSE,5/24/2020,Tfp,32.60081798
27,NA,6/27/2020,Vgp,-12.85068328
87,FALSE,4/20/2020,Hqg,156.0063494
88,TRUE,5/1/2020,Opg,186.6076366
50,TRUE,3/15/2020,Drv,-48.93142802
17,FALSE,4/5/2020,Iae,26.7598658
93,FALSE,2/4/2020,Dqx,135.5853909
70,TRUE,4/21/2020,Uxm,123.1416594
56,FALSE,2/16/2020,Cax,22.79865634
18,TRUE,4/14/2020,Qwd,4.823694397
72,FALSE,2/16/2020,Uxt,60.22264494
79,TRUE,1/23/2020,Lvw,11.35882495
8,NA,6/10/2020,Zne,2.732646587
29,TRUE,5/10/2020,Nhi,-32.46158642
51,FALSE,6/17/2020,Awk,-8.411901251
21,TRUE,3/14/2020,Rja,-5.283001884
62,TRUE,5/15/2020,Jpl,-93.07655067
91,TRUE,1/6/2020,Vjz,86.25653234
83,TRUE,4/18/2020,Psc,26.61134306
1,NA,4/24/2020,Kxf,0.627418162
85,FALSE,6/11/2020,Leh,-189.6528236
83,FALSE,4/26/2020,Aey,66.66460457
68,TRUE,6/22/2020,Fbs,176.2064028
54,FALSE,1/29/2020,Uxw,-6.16360505
27,FALSE,6/28/2020,Djg,26.43627439
83,NA,2/14/2020,Spu,31.69566853
5,FALSE,2/22/2020,Dyz,-9.808713493
52,FALSE,1/18/2020,Etv,-76.08009307
52,FALSE,2/14/2020,Evq,52.10848726
47,FALSE,3/12/2020,Twr,-97.29634799
50,FALSE,3/16/2020,Mur,175.7359282
35,TRUE,5/8/2020,Akg,64.46631656
96,FALSE,1/31/2020,Ydr,-25.85963183
50,TRUE,2/13/2020,Fbe,7.666170663
96,FALSE,4/25/2020,Eok,84.35791728
57,NA,6/24/2020,Rrb,64.37095731
83,TRUE,2/8/2020,Dmk,43.42897328
8,FALSE,2/7/2020,Gzc,-4.798418753
69,NA,1/22/2020,Srx,83.27883168
63,FALSE,6/23/2020,Kvb,8.82812126
56,NA,3/12/2020,Lwi,103.3440354
91,TRUE,2/20/2020,Dbg,-3.590656461
48,TRUE,2/3/2020,Hfw,48.42933942
45,TRUE,3/1/2020,Tws,-40.74202493
64,FALSE,4/10/2020,Jac,10.01518964
97,FALSE,6/14/2020,Okv,4.988245903
9,TRUE,5/24/2020,Toj,-6.458012334
15,FALSE,3/24/2020,Eda,-12.17026115
70,FALSE,3/19/2020,Dze,86.79518952
68,FALSE,5/21/2020,Ucf,-12.19511705
12,FALSE,4/29/2020,Cdi,-19.1551531
29,FALSE,3/19/2020,Nsq,70.34100324
63,TRUE,3/22/2020,Lzk,-81.00723231
97,FALSE,5/31/2020,Jsk,56.49855859
56,TRUE,5/29/2020,Bbp,52.9427118
4,FALSE,3/10/2020,Rvs,0.056627911
70,TRUE,6/5/2020,Tyg,-92.78388019
2,FALSE,1/6/2020,Nia,0.61604062
28,TRUE,1/13/2020,Glm,20.21985703
50,FALSE,2/20/2020,Eno,-55.42873363
33,NA,1/11/2020,Trd,-23.58094744
34,TRUE,1/3/2020,Lep,-46.83164315
60,FALSE,2/23/2020,Fek,-17.37768418
96,FALSE,3/26/2020,Eyz,44.38258371
60,FALSE,5/17/2020,Vap,-26.39837399
45,TRUE,4/30/2020,Qwn,17.1129094
57,FALSE,2/16/2020,Vbz,8.39236604
21,FALSE,5/30/2020,Pok,-18.61158069
48,FALSE,5/8/2020,Pbx,11.40798102
70,TRUE,6/18/2020,Oqe,-23.23390266
87,FALSE,5/27/2020,Eam,28.85776846
80,FALSE,3/25/2020,Qld,-14.39703936
32,NA,3/30/2020,Qwd,56.93143864
9,TRUE,1/26/2020,Vtk,2.942421355
96,FALSE,5/12/2020,Upe,-58.98133434
2,FALSE,1/17/2020,Alb,-1.623370849
30,TRUE,5/1/2020,Bpp,-39.84099333
67,FALSE,6/23/2020,Tbj,-82.30178014
25,FALSE,1/18/2020,Hnq,54.97598032
12,TRUE,1/25/2020,Wmg,11.443557
57,FALSE,3/18/2020,Dbn,44.67646186
81,FALSE,2/17/2020,Sbz,151.2897022
38,FALSE,1/12/2020,Ewr,15.30327349
79,FALSE,3/2/2020,Jzq,-101.7184203
37,FALSE,6/1/2020,Jdv,31.213708
52,FALSE,6/20/2020,Qsk,21.17677937
25,FALSE,4/27/2020,Ljy,11.290374
87,TRUE,2/21/2020,Qya,139.2264737
15,NA,3/10/2020,Bke,-11.5613016
9,FALSE,3/5/2020,Nvy,-14.75128643
39,FALSE,1/19/2020,Fwz,22.39897778
24,TRUE,2/15/2020,Xie,-30.2566108
20,TRUE,4/18/2020,Faf,-9.470710545
84,FALSE,3/20/2020,Jtl,-64.12198363
52,TRUE,6/5/2020,Iev,-15.59966907
41,NA,3/5/2020,Bdo,-69.15026759
55,NA,6/24/2020,Vpq,35.74091199
93,TRUE,3/6/2020,Drv,58.66940207
34,FALSE,6/11/2020,Rqu,49.98833895
42,FALSE,5/15/2020,Kgq,-29.87025175
99,TRUE,2/21/2020,Zli,-53.76872608
51,FALSE,2/10/2020,Vlc,-63.31447015
47,TRUE,4/29/2020,Qcm,-2.827513479
43,TRUE,2/24/2020,Glk,38.21164588
69,NA,4/13/2020,Dmc,44.70881159
18,TRUE,5/6/2020,Vsp,6.49130088
19,TRUE,3/26/2020,Mfr,32.08245492
97,TRUE,3/17/2020,Cxq,-124.689232
57,FALSE,6/1/2020,Yji,95.13658728
88,TRUE,2/7/2020,Fnv,-110.1709063
74,FALSE,5/29/2020,Ocy,-139.35703
1,TRUE,4/22/2020,Lfl,0.543417093
28,FALSE,6/26/2020,Yox,-44.27496209
93,FALSE,3/4/2020,Tja,-12.12354027
19,FALSE,2/13/2020,Tuw,-21.56076905
9,FALSE,1/30/2020,Ttw,2.283644189
97,TRUE,6/1/2020,Gjp,-23.84611329
60,FALSE,5/20/2020,Awi,-34.38906866
35,FALSE,1/17/2020,Cba,-8.598409146
15,TRUE,5/23/2020,Ocn,-7.245621665
14,NA,6/2/2020,Hlp,-10.56766813
3,TRUE,6/8/2020,Utw,2.854025621
40,FALSE,3/21/2020,Udn,8.451063619
2,FALSE,6/11/2020,Wvu,-1.849170157
29,FALSE,2/11/2020,Gma,-82.61571776
6,FALSE,4/15/2020,Url,15.40658676
40,TRUE,1/20/2020,Wug,40.70263931
8,TRUE,4/25/2020,Cas,-1.663481095
75,FALSE,4/29/2020,Veh,84.65786502
76,NA,3/18/2020,Mxc,29.41809736
37,FALSE,4/15/2020,Orz,26.31384162
81,FALSE,3/17/2020,Bws,-42.81033398
88,TRUE,6/12/2020,Mhv,-53.00870677
47,TRUE,5/21/2020,Uzm,-13.11674985
30,TRUE,3/22/2020,Moh,23.73029183
56,TRUE,2/10/2020,Lql,12.74299901
47,FALSE,1/24/2020,Liu,37.13115625
12,FALSE,3/5/2020,Foz,19.30705491
57,NA,2/10/2020,Lqq,68.1551298
60,FALSE,6/10/2020,Qra,-1.773939382
36,TRUE,3/9/2020,Gai,7.661641787
42,TRUE,1/25/2020,Fes,-9.024272894
29,NA,1/5/2020,Qvw,-49.65365123
45,FALSE,4/17/2020,Yse,96.46266007
95,FALSE,3/25/2020,Ija,164.4950112
81,TRUE,6/9/2020,Eul,-113.9372422
2,FALSE,2/10/2020,Hpo,-0.849955882
30,TRUE,1/5/2020,Qsw,-56.49006211
69,NA,1/11/2020,Ydf,-5.441460311
22,FALSE,1/13/2020,Cpo,-5.873064098
76,FALSE,6/11/2020,Jhc,-48.15584522
19,NA,4/9/2020,Vcy,1.178690561
73,FALSE,4/11/2020,Ecp,105.081987
61,FALSE,4/14/2020,Lmf,44.97906386
84,TRUE,2/24/2020,Svc,149.0899088
97,NA,4/8/2020,Esc,-101.7851802
2,FALSE,5/7/2020,Iyd,-1.017754683
61,FALSE,5/9/2020,Nck,-25.09539264
49,TRUE,1/11/2020,Mon,-60.33605539
35,TRUE,1/23/2020,Ptf,-26.17399775
10,FALSE,5/26/2020,Hwf,-3.668532667
58,NA,2/20/2020,Ejr,-68.8273949
51,NA,5/21/2020,Kfk,-70.04011456
57,FALSE,2/1/2020,Bsu,-21.31082258
81,TRUE,1/16/2020,Hfe,72.70030312
70,NA,3/30/2020,Mtz,35.51228077
50,FALSE,5/16/2020,Xet,-29.96350018
86,NA,4/5/2020,Fsd,63.37421973
14,FALSE,5/2/2020,Jxy,12.35346504
43,FALSE,2/14/2020,Chz,-1.387046891
94,FALSE,2/20/2020,Fkq,157.742256
23,NA,5/5/2020,Efb,-35.19710128
35,NA,5/20/2020,Xjs,-16.30498125
2,TRUE,3/23/2020,Knl,1.410260872
15,FALSE,2/11/2020,Mvv,8.926662182
30,TRUE,6/28/2020,Hln,-9.87281042
39,NA,6/8/2020,Mfp,-66.247305
81,NA,6/29/2020,Rtu,-83.04800745
62,FALSE,6/23/2020,Evb,-19.74586424
46,FALSE,1/17/2020,Ula,-18.54588951
29,FALSE,5/2/2020,Sqj,-18.47524639
13,FALSE,5/7/2020,Llx,18.30439435
63,TRUE,2/19/2020,Kii,49.6615361
55,TRUE,6/8/2020,Rin,-27.33412387
9,NA,4/11/2020,Esx,-2.654202262
89,FALSE,6/5/2020,Omo,115.91556
78,TRUE,5/10/2020,Xsp,-25.13752321
58,FALSE,2/10/2020,Hgz,-24.13576451
98,FALSE,3/28/2020,Xoj,30.85058058
96,TRUE,6/16/2020,Dhp,71.0066447
96,FALSE,2/17/2020,Xne,-15.23294859
59,FALSE,6/25/2020,Ebf,-33.68694653
76,FALSE,4/5/2020,Kco,96.12977755
78,FALSE,1/1/2020,Gpd,1.056074379
2,TRUE,2/9/2020,Nuk,0.139609935
10,FALSE,5/24/2020,Rlb,-4.618963445
51,NA,4/12/2020,Cgr,9.34244298
7,TRUE,4/27/2020,Mks,0.535392721
44,FALSE,6/23/2020,Lru,-104.0818423
98,TRUE,4/19/2020,Fvu,-59.92416098
45,TRUE,6/28/2020,Xda,-67.00066233
32,FALSE,5/25/2020,Tdv,-18.50079408
70,FALSE,4/19/2020,Uxy,-31.92114548
46,TRUE,2/19/2020,Kst,-8.140258191
91,FALSE,1/21/2020,Cyt,66.81582841
78,TRUE,3/12/2020,Fhd,-20.49821827
5,NA,5/4/2020,Nkk,-4.093576264
63,NA,6/12/2020,Ewx,-104.5443679
69,TRUE,5/1/2020,Pdz,-16.43752994
40,FALSE,1/27/2020,Jmg,-15.85073085
4,TRUE,2/12/2020,Wgv,-4.10565547
35,FALSE,3/22/2020,Esc,19.67804177
32,TRUE,2/13/2020,Zlg,-10.86971353
65,FALSE,4/7/2020,Mpu,-32.69367744
15,FALSE,2/15/2020,Crl,4.843007972
50,FALSE,1/6/2020,Tcp,-67.14463554
92,FALSE,1/26/2020,Xyf,-29.56446871
38,NA,1/14/2020,Cxs,38.15087353
15,TRUE,5/7/2020,Sdj,-1.517905964
2,NA,3/17/2020,Hne,0.657354357
14,FALSE,1/24/2020,Euy,5.111462177
43,TRUE,4/29/2020,Tiw,112.0949028
61,FALSE,5/17/2020,Izl,46.93584829
26,FALSE,1/13/2020,Tpb,-38.39489183
43,TRUE,1/4/2020,Dvw,-13.68217712
10,TRUE,3/23/2020,Yha,5.496362027
66,FALSE,1/20/2020,Uhn,65.29510106
20,FALSE,6/20/2020,Atg,-6.146042647
78,FALSE,3/19/2020,Lbh,52.76867651
74,TRUE,5/7/2020,Iok,29.77113775
59,NA,6/16/2020,Pas,-21.62583811
8,FALSE,4/25/2020,Vsv,1.78333805
29,FALSE,4/22/2020,Uhc,-16.43628824
58,NA,2/16/2020,Cld,116.9067553
37,TRUE,4/16/2020,Kwz,10.93827265
93,FALSE,2/2/2020,Vla,32.86525902
29,FALSE,1/20/2020,Xpy,-5.974915389
30,NA,3/19/2020,Ezc,-26.08629658
95,NA,6/10/2020,Teh,-96.79715908
67,FALSE,4/5/2020,Hlq,-37.90885955
71,FALSE,5/13/2020,Faa,15.49812532
17,TRUE,6/22/2020,Soc,-26.68236253
84,FALSE,2/20/2020,Brq,102.9871595
25,FALSE,4/18/2020,Cpp,40.85917132
85,TRUE,3/8/2020,Uxh,140.2466551
72,TRUE,4/16/2020,Pcc,-114.780976
59,FALSE,3/29/2020,Gcy,-32.85249518
8,TRUE,1/8/2020,Wmj,7.879046281
99,NA,6/29/2020,Vru,-25.90814413
4,TRUE,5/19/2020,Dwp,6.897901712
31,FALSE,1/19/2020,Bfo,34.11975036
76,TRUE,6/12/2020,Ihu,-32.8518551
37,TRUE,1/7/2020,Qkr,-37.69481313
96,TRUE,1/3/2020,Dda,-55.64840149
90,FALSE,5/2/2020,Ppg,47.55161827
54,NA,1/17/2020,Hiz,17.82837781
7,FALSE,3/20/2020,Wva,-4.684984386
22,FALSE,4/25/2020,Idt,-18.12463354
42,FALSE,2/14/2020,Dac,-8.150489479
57,FALSE,5/18/2020,Mza,-89.28792924
8,FALSE,4/4/2020,Aqh,-1.613095419
84,FALSE,4/24/2020,Zpd,70.27003941
13,NA,6/23/2020,Lzp,15.13655543
87,FALSE,6/25/2020,Aqn,-68.53949634
36,FALSE,3/27/2020,Eku,-63.18955237
50,FALSE,1/14/2020,Rnu,40.84413102
41,FALSE,5/27/2020,Eyh,-3.065116182
65,FALSE,1/27/2020,Iua,-3.804514167
49,NA,1/18/2020,Nfi,-59.35543336
33,FALSE,5/29/2020,Fjn,-3.001252829
91,FALSE,3/2/2020,Mce,-19.88956725
42,FALSE,2/8/2020,Mhz,-4.906089722
19,FALSE,2/15/2020,Kei,34.68225595
82,TRUE,6/14/2020,Oud,-137.582437
60,FALSE,2/14/2020,Tqp,45.72389554
15,TRUE,5/24/2020,Znn,-6.014075349
72,TRUE,4/15/2020,Wrf,24.02805172
52,TRUE,2/6/2020,Sxu,17.83069695
30,TRUE,1/28/2020,Czn,29.27929866
7,TRUE,6/10/2020,Ast,-9.728992155
85,NA,2/19/2020,Gvb,12.40048307
14,NA,3/25/2020,Vpt,6.54156276
9,NA,5/23/2020,Vfw,2.372748662
41,FALSE,3/14/2020,Fvw,-24.86753486
67,FALSE,1/2/2020,Jld,108.4062035
36,TRUE,4/5/2020,Xha,44.37684178
82,FALSE,1/10/2020,Qid,-36.24646058
45,FALSE,1/5/2020,Gub,5.662941281
5,FALSE,1/23/2020,Jqr,-8.377088503
77,FALSE,2/26/2020,Lar,-125.9551021
15,FALSE,6/12/2020,Tnv,4.700926232
52,NA,2/26/2020,Vyd,11.39020862
66,FALSE,1/6/2020,Evu,-24.67000542
56,FALSE,5/11/2020,Jwu,-47.41937356
78,TRUE,6/13/2020,Hts,-1.344815891
75,NA,4/4/2020,Bit,27.90135566
93,TRUE,2/9/2020,Tms,-70.01091158
60,FALSE,5/8/2020,Ymv,74.57089636
94,FALSE,1/17/2020,Bvn,2.071983239
3,NA,1/11/2020,Zgx,2.505783371
28,TRUE,5/25/2020,Qmy,-39.83825378
48,FALSE,5/17/2020,Atl,25.9692085
12,TRUE,4/29/2020,Eer,11.58137027
38,TRUE,5/28/2020,Lyz,-20.70187173
56,NA,1/6/2020,Shr,27.16417872
41,FALSE,1/22/2020,Dte,-33.12655528
82,FALSE,3/15/2020,Qpf,-50.94479109
2,FALSE,5/24/2020,Cts,0.512967667
68,FALSE,3/24/2020,Jek,-45.5108646
43,FALSE,3/12/2020,Vpa,16.42283809
28,FALSE,1/24/2020,Swl,43.37361484
84,FALSE,5/12/2020,Jsl,-16.77497529
23,FALSE,2/29/2020,Oic,34.77477014
3,TRUE,3/3/2020,Utu,-1.225669341
26,FALSE,1/13/2020,Cgf,25.04490496
84,TRUE,3/13/2020,Elm,120.1032558
65,NA,4/24/2020,Qra,93.04506093
18,TRUE,5/6/2020,Jro,10.88332336
35,TRUE,6/27/2020,Tyo,-22.91988465
9,TRUE,1/30/2020,Mcq,4.94562078
35,NA,2/25/2020,Ucd,53.71445963
41,FALSE,2/12/2020,Yfa,-46.58336276
85,TRUE,6/13/2020,Rla,143.7920182
32,FALSE,3/24/2020,Dox,14.10930386
25,FALSE,3/15/2020,Qlq,-24.50960485
87,TRUE,1/23/2020,Pfp,-63.52599724
56,TRUE,5/3/2020,Dlo,-53.27273735
48,FALSE,5/14/2020,Ndl,38.55200776
51,TRUE,5/26/2020,Blw,-19.64006745
94,FALSE,3/31/2020,Umh,38.51578429
17,FALSE,1/7/2020,Rdz,-31.48990206
78,TRUE,5/1/2020,Kva,-43.91977396
48,FALSE,5/27/2020,Tyw,-4.263963887
98,FALSE,4/30/2020,Npa,40.0062039
32,TRUE,4/3/2020,Sek,-62.02814811
72,FALSE,2/22/2020,Nkl,126.670545
38,TRUE,6/20/2020,Hlt,20.58766613
40,NA,6/25/2020,Mtf,19.00788896
30,FALSE,3/23/2020,Toa,-33.69237049
5,TRUE,6/9/2020,Swj,-4.394783794
54,FALSE,6/13/2020,Pau,-77.69636822
49,FALSE,5/20/2020,Udm,-8.894044534
89,NA,1/20/2020,Jht,-117.9027205
53,FALSE,3/7/2020,Qma,90.26156446
66,TRUE,1/7/2020,Oda,76.09356762
35,TRUE,1/2/2020,Rxb,-8.629181671
2,FALSE,1/1/2020,Gap,-1.325395507
41,FALSE,5/1/2020,Xyx,-41.25226832
21,TRUE,2/13/2020,Zfv,19.54176003
78,NA,5/1/2020,Zvv,-40.61351668
9,TRUE,3/20/2020,Weu,-10.19595959
3,FALSE,4/24/2020,Pnf,2.756237812
4,FALSE,3/30/2020,Jpk,1.83038941
25,FALSE,1/29/2020,Zga,17.76332467
7,FALSE,3/31/2020,Mht,1.013877648
68,TRUE,2/27/2020,Ufq,70.1050163
26,FALSE,6/16/2020,Sds,46.0280913
80,FALSE,5/16/2020,Nrn,40.08939765
50,TRUE,1/30/2020,Qvq,-11.60963562
31,FALSE,6/3/2020,Jso,-22.09215524
5,FALSE,4/21/2020,Kdu,-0.61122126
47,TRUE,4/26/2020,Vhx,36.93319517
22,FALSE,1/6/2020,Gmo,18.07486078
77,FALSE,4/12/2020,Skd,-11.28698016
88,TRUE,3/19/2020,Pik,39.96903175
18,TRUE,6/13/2020,Bxv,0.721794621
61,TRUE,5/26/2020,Uws,37.0312528
75,FALSE,3/18/2020,Mcw,65.95178836
52,NA,2/18/2020,Suu,-72.70812461
87,FALSE,6/27/2020,Yuu,-35.57478163
91,FALSE,2/16/2020,Xiz,-60.91999254
26,FALSE,5/19/2020,Nqs,10.54369598
5,NA,5/26/2020,Ttq,1.899325015
81,FALSE,3/22/2020,Owo,-15.04188356
69,FALSE,6/3/2020,Ydu,-9.260291923
82,TRUE,2/14/2020,Bdg,-56.22037989
62,NA,6/5/2020,Cpg,72.76309966
2,TRUE,5/15/2020,Czk,-3.246960244
42,NA,5/7/2020,Cry,-22.56450145
84,NA,5/27/2020,Ynh,-25.63399822
62,NA,2/12/2020,Rii,-3.395617763
98,FALSE,2/13/2020,Avd,-28.81338538
84,NA,6/18/2020,Dfx,-121.2387586
37,TRUE,3/22/2020,Dhq,63.25071949
98,NA,3/2/2020,Izt,-30.77954625
10,TRUE,5/16/2020,Mod,-9.785189311
7,FALSE,5/16/2020,Noz,0.700130292
32,FALSE,3/16/2020,Vku,9.042318514
42,TRUE,6/22/2020,Mxq,-22.96107794
86,TRUE,5/21/2020,Tpc,-51.17879949
31,FALSE,2/4/2020,Yvt,19.50881991
34,FALSE,3/25/2020,Zui,7.744878324
30,NA,1/10/2020,Shj,-24.1656345
52,FALSE,6/14/2020,Phd,-47.64676304
3,FALSE,4/9/2020,Nmj,2.713755458
5,FALSE,3/6/2020,Lza,9.456974481
44,FALSE,3/12/2020,Oea,-37.54306312
52,TRUE,6/16/2020,Shb,-25.07739983
4,TRUE,1/19/2020,Sgq,3.591866043
98,NA,1/25/2020,Hck,107.7955765
38,FALSE,5/19/2020,Iof,15.99459079
80,FALSE,2/19/2020,Kcm,-30.42751316
66,NA,4/14/2020,Ppf,-117.8930081
33,FALSE,3/19/2020,Bqc,5.189587825
74,NA,3/16/2020,Ihw,51.49769484
51,FALSE,5/15/2020,Znn,102.8337643
67,FALSE,6/22/2020,Ifq,3.464838404
38,TRUE,1/5/2020,Wsu,-13.32036218
17,FALSE,6/24/2020,Ykh,-13.77884116
91,FALSE,1/22/2020,Znr,82.35282243
99,NA,2/6/2020,Owl,196.89183
27,FALSE,4/11/2020,Plw,-3.494131441
20,TRUE,3/7/2020,Rcj,-25.0898827
8,NA,4/17/2020,Kqb,-3.978139823
10,FALSE,6/23/2020,Gen,4.935067336
26,FALSE,2/18/2020,Esh,4.009383411
11,NA,5/19/2020,Hcr,-9.372578555
53,TRUE,2/20/2020,Iyz,-36.88591224
32,FALSE,6/10/2020,Zld,-27.4787263
44,FALSE,5/4/2020,Ssg,44.24382621
64,NA,3/25/2020,Qzm,-34.48119727
17,NA,4/16/2020,Ttx,-20.76893037
61,TRUE,5/27/2020,Sqc,-41.49859431
87,TRUE,4/25/2020,Bxt,16.34849423
14,FALSE,3/5/2020,Dpe,-8.60916576
29,TRUE,4/28/2020,Rxh,22.58143101
9,NA,3/2/2020,Ena,8.133034058
13,FALSE,6/4/2020,Anu,-16.20090814
17,TRUE,1/5/2020,Iqo,-21.53326417
31,FALSE,5/26/2020,Fkk,-58.95652537
33,NA,5/1/2020,Xog,-13.94152599
44,FALSE,3/24/2020,Kot,32.35670473
21,TRUE,6/22/2020,Hin,8.721554034
37,TRUE,2/19/2020,Lsv,-1.827135788
22,TRUE,2/6/2020,Kzq,-32.64133727
46,FALSE,5/10/2020,Sxn,-42.12203038
43,TRUE,4/3/2020,Fav,46.64474026
42,FALSE,3/9/2020,Bro,-73.35114365
96,FALSE,1/25/2020,Onv,303.7947973
68,FALSE,4/11/2020,Rro,89.19255852
18,TRUE,6/6/2020,Qil,24.66308031
81,FALSE,5/24/2020,Zmt,-53.79800099
11,FALSE,5/22/2020,Mis,3.790116167
88,FALSE,4/2/2020,Yey,65.57155141
21,TRUE,1/20/2020,Rwv,-3.876117388
93,NA,2/13/2020,Yan,-119.1401869
25,NA,3/15/2020,Ffd,0.711376694
28,FALSE,3/8/2020,Jrk,4.233098852
59,NA,2/7/2020,Nvk,-23.03646067
96,TRUE,4/28/2020,Mni,175.1813529
46,TRUE,2/10/2020,Acw,-96.94624117
17,FALSE,6/16/2020,Lxl,-7.017326554
45,TRUE,5/26/2020,Vge,-15.71811888
53,FALSE,5/6/2020,Rqq,56.50842678
93,TRUE,3/18/2020,Dch,58.71279171
21,FALSE,6/2/2020,Cji,-16.09413
11,FALSE,3/6/2020,Txj,-1.788295987
16,TRUE,2/10/2020,Rvn,-5.279593873
16,NA,3/3/2020,Vjr,5.380611861
81,FALSE,2/21/2020,Evy,-86.22600122
35,FALSE,4/4/2020,Nor,15.46966946
72,FALSE,2/13/2020,Tzk,-58.34810521
62,TRUE,1/31/2020,Mqt,-43.48288613
53,FALSE,5/15/2020,Iga,33.74118919
96,TRUE,5/17/2020,Pje,206.2802767
36,FALSE,2/24/2020,Rei,16.75657911
35,FALSE,3/28/2020,Cdw,-17.16640094
74,TRUE,5/23/2020,Avs,-37.28974885
85,FALSE,6/1/2020,Mjw,90.48935937
93,FALSE,5/30/2020,Hbj,75.35952364
67,TRUE,5/22/2020,Bwa,113.3687994
94,TRUE,3/14/2020,Grf,-166.7172896
69,TRUE,1/16/2020,Tfl,-112.9871657
26,NA,5/21/2020,Its,-16.47846245
57,FALSE,5/5/2020,Ydh,-54.42468541
3,FALSE,4/7/2020,Yhy,-1.973807984
52,FALSE,5/13/2020,Dkp,-41.94649674
10,FALSE,6/8/2020,Jnz,2.552934939
75,TRUE,5/19/2020,Czz,43.51732447
90,TRUE,5/3/2020,Zhv,-149.2486882
21,TRUE,1/18/2020,Ugk,14.50203549
21,TRUE,1/19/2020,Sxa,4.901371299
16,NA,4/13/2020,Cim,-7.075205443
99,TRUE,2/14/2020,Icd,8.685169287
3,FALSE,3/8/2020,Vir,-0.767154992
80,TRUE,4/9/2020,Hns,-164.8599053
75,TRUE,1/29/2020,Xlr,-19.39247707
29,NA,4/7/2020,Odn,-7.295747936
11,NA,1/24/2020,Skl,-11.86182482
5,TRUE,3/1/2020,Bbh,-7.209482066
59,NA,5/17/2020,Soa,-60.06740164
72,FALSE,6/20/2020,Xys,64.50327926
71,TRUE,4/13/2020,Vni,-80.85617845
10,NA,6/25/2020,Oww,19.77050281
36,FALSE,5/8/2020,Tcc,14.62231609
81,FALSE,5/26/2020,Ots,-105.1922419
92,TRUE,6/16/2020,Ikp,-72.48824898
41,FALSE,6/12/2020,Rjp,-4.203284022
51,FALSE,6/24/2020,Zdb,34.64405491
85,FALSE,3/17/2020,Kzg,-41.57928632
35,FALSE,3/21/2020,Gur,-4.792822493
70,NA,6/5/2020,Ugw,118.6550546
40,FALSE,5/9/2020,Mwm,-2.860846076
11,FALSE,1/11/2020,Uay,0.8002212
66,TRUE,1/6/2020,Xkl,-98.04424227
30,NA,4/17/2020,Qss,7.497928579
71,FALSE,4/13/2020,Bxe,-27.70924764
19,FALSE,4/27/2020,Dtr,3.545278001
92,FALSE,5/11/2020,Onf,84.22253111
94,FALSE,4/28/2020,Fdy,-106.206823
64,FALSE,2/19/2020,Rkv,-8.882447944
35,FALSE,4/19/2020,Mbf,23.99063761
79,TRUE,2/11/2020,Azk,-73.53466487
42,FALSE,6/8/2020,Wsn,7.081623833
31,TRUE,3/29/2020,Nuw,26.23806676
83,TRUE,4/6/2020,Kvf,-97.87553157
89,FALSE,3/19/2020,Dlj,9.414897277
34,FALSE,5/10/2020,Mal,-12.83294272
77,FALSE,3/22/2020,Xuc,128.6583067
54,NA,5/30/2020,Cpm,43.47759145
6,TRUE,6/6/2020,Otc,-3.654777772
4,NA,5/9/2020,Vie,1.588180056
51,NA,4/10/2020,Ffy,-2.094577775
11,FALSE,5/30/2020,Hna,-14.4783729
21,TRUE,5/1/2020,Tyy,-2.237748484
29,FALSE,5/16/2020,Ppj,24.26004746
71,FALSE,3/25/2020,Ciw,-115.9686428
68,TRUE,4/11/2020,Thx,-45.96358065
79,FALSE,1/22/2020,Ssa,91.694007
54,FALSE,5/3/2020,Chv,33.9464093
10,FALSE,6/5/2020,Gap,9.692032582
3,NA,3/4/2020,Rtj,-1.96329788
53,TRUE,5/9/2020,Ufk,94.25200154
30,FALSE,5/2/2020,Aeb,2.541289978
51,TRUE,6/14/2020,Qwr,18.7431088
31,TRUE,6/30/2020,Idz,-24.14792933
39,TRUE,2/13/2020,Zka,46.54507422
29,FALSE,2/13/2020,Eji,-9.856538268
51,FALSE,1/11/2020,Mrv,94.32088659
5,NA,3/5/2020,Ytr,-12.35679148
27,FALSE,4/12/2020,Nym,35.62967485
84,TRUE,5/10/2020,Lkq,-35.97856107
20,FALSE,1/16/2020,Bqj,5.388917378
12,FALSE,6/12/2020,Ugt,14.42459208
98,FALSE,6/9/2020,Squ,2.541446628
71,NA,5/1/2020,Brs,86.83731661
74,FALSE,2/26/2020,Zen,-106.420213
26,TRUE,2/4/2020,Shh,24.72374264
25,TRUE,6/2/2020,Rba,0.693792638
55,TRUE,1/27/2020,Fll,23.03999065
61,FALSE,6/5/2020,Ktc,-66.00406817
6,FALSE,6/24/2020,Xof,0.088321036
21,TRUE,5/5/2020,Gml,8.62121193
83,FALSE,6/9/2020,Oep,-22.23501347
32,TRUE,6/25/2020,Dpa,22.98004394
77,TRUE,4/9/2020,Oxf,172.9127984
66,TRUE,3/11/2020,Mam,105.6884403
29,TRUE,1/12/2020,Ggi,-35.57464557
58,FALSE,2/2/2020,Ekr,-20.08119342
69,TRUE,3/9/2020,Dwf,-36.29240962
46,FALSE,1/17/2020,Fcr,3.988107348
96,TRUE,5/26/2020,Dqj,-59.37461984
94,TRUE,1/13/2020,Iwp,-34.32084159
48,FALSE,1/4/2020,Fst,-12.31160332
72,TRUE,2/12/2020,Fxh,9.19113079
61,TRUE,6/7/2020,Gqo,-2.354889113
52,FALSE,2/24/2020,Ahu,32.68641916
72,TRUE,4/21/2020,Ajv,54.80382498
57,FALSE,4/7/2020,Llh,29.90852839
81,FALSE,5/19/2020,Fzy,72.90692264
91,NA,2/24/2020,Ukf,-76.05836515
92,FALSE,3/9/2020,Uuw,-84.7515828
74,FALSE,3/24/2020,Ehn,-0.782633282
52,FALSE,4/16/2020,Xdn,-39.90277159
5,FALSE,6/5/2020,Ain,8.471388573
62,FALSE,4/2/2020,Plu,-122.0051986
72,FALSE,5/20/2020,Ytb,-3.968954741
63,TRUE,3/4/2020,Uns,-56.36436595
85,NA,6/6/2020,Wuh,-92.16076211
69,NA,5/29/2020,Xbc,119.9596775
57,TRUE,5/18/2020,Oib,-45.08030661
17,FALSE,6/5/2020,Jyn,-13.8372773
10,FALSE,3/13/2020,Jxq,-9.28912607
79,FALSE,3/7/2020,Teg,-38.93110212
58,TRUE,2/9/2020,Huz,55.69931135
37,FALSE,4/14/2020,Imt,-24.95130375
66,FALSE,1/15/2020,Wbg,47.88920125
2,FALSE,1/11/2020,Hph,1.674208125
79,FALSE,3/31/2020,Wxu,-70.05962989
87,TRUE,1/15/2020,Hab,-172.9570822
30,FALSE,6/23/2020,Osk,-1.36881562
77,TRUE,4/19/2020,Jdo,-18.85738765
10,FALSE,5/14/2020,Nan,-0.420303879
59,FALSE,4/30/2020,Vqx,49.3586886
71,NA,1/18/2020,Ddu,-68.93984501
78,NA,4/28/2020,Qoo,-121.5073976
50,FALSE,4/14/2020,Kpy,-1.434031884
78,NA,3/17/2020,Vor,72.54064748
96,NA,1/1/2020,Igb,-24.88580112
33,FALSE,2/22/2020,Afq,39.65316728
54,FALSE,2/23/2020,Ppq,-13.22300301
10,FALSE,6/24/2020,Epx,28.58504121
87,TRUE,3/7/2020,Bll,-70.53226095
75,FALSE,1/4/2020,Olq,-18.23698719
74,NA,2/6/2020,Fue,-28.39735381
25,NA,4/29/2020,Cds,-11.17892653
44,FALSE,5/7/2020,Yld,-27.46823804
11,TRUE,1/29/2020,Yyj,7.597397896
88,FALSE,1/26/2020,Fex,-134.9007355
12,TRUE,4/12/2020,Osa,25.74265211
3,FALSE,1/9/2020,Yis,-4.750259309
9,FALSE,2/27/2020,Kqc,-5.793879805
38,FALSE,6/8/2020,Lvc,15.19588499
34,NA,3/17/2020,Hyf,-55.07731817
45,FALSE,3/12/2020,Vsj,2.611691765
57,FALSE,4/6/2020,Syl,-70.67550851
13,FALSE,4/8/2020,Mfh,2.223921855
30,NA,5/10/2020,Qiv,2.34961257
78,TRUE,1/18/2020,Thk,-32.34016997
21,FALSE,3/17/2020,Jcq,6.224428368
43,TRUE,5/31/2020,Ssn,42.99021294
81,FALSE,5/7/2020,Nav,-46.39748811
91,TRUE,2/10/2020,Csh,-112.2597746
30,FALSE,2/29/2020,Gim,-9.536231257
22,FALSE,1/3/2020,Lbm,40.66143051
83,NA,2/16/2020,Fan,-93.66879526
24,TRUE,3/21/2020,Vde,-11.55956674
76,FALSE,2/19/2020,Dcb,56.82756758
92,TRUE,2/11/2020,Uba,90.32268559
56,TRUE,3/15/2020,Dtw,-67.69639156
92,FALSE,1/16/2020,Tkd,17.06838607
34,NA,3/25/2020,Fjg,-14.76573911
90,TRUE,1/14/2020,Tak,34.64633064
82,NA,4/2/2020,Tye,-68.20371083
8,FALSE,1/4/2020,Ajr,-14.08912246
41,NA,1/11/2020,Orl,37.74399622
89,FALSE,1/16/2020,Iim,108.5442141
71,TRUE,5/2/2020,Kih,-50.11798397
47,FALSE,4/7/2020,Bil,-29.46496181
3,FALSE,4/11/2020,Fju,-5.219371782
91,FALSE,1/15/2020,Emz,100.2010398
46,FALSE,6/27/2020,Ftu,32.27780461
74,NA,6/2/2020,Vnj,-3.564921896
10,FALSE,6/28/2020,Bfv,8.515410117
77,FALSE,2/23/2020,Lks,128.2797748
6,FALSE,2/14/2020,Vtq,3.699374713
95,FALSE,5/7/2020,Ale,223.4902572
63,FALSE,6/1/2020,Yxt,64.68561093
28,FALSE,1/25/2020,Mwg,71.94847632
36,TRUE,6/13/2020,Fwm,33.91832422
96,TRUE,1/3/2020,Tim,-23.0484307
79,TRUE,2/22/2020,Cfd,42.00183654
47,TRUE,4/5/2020,Uzt,-76.03175004
22,TRUE,4/11/2020,Xzm,-31.37633536
61,FALSE,2/13/2020,Lhw,39.02100289
17,FALSE,1/7/2020,Hnf,-28.41747069
17,TRUE,3/5/2020,Bfy,-6.761347495
31,FALSE,6/14/2020,Opc,-10.91374442
26,FALSE,3/12/2020,Fud,1.833378203
8,TRUE,3/25/2020,Psl,0.886821279
54,FALSE,2/6/2020,Lqz,-30.73172151
43,FALSE,4/11/2020,Pkz,18.90987981
91,TRUE,6/4/2020,Cql,-165.2133114
66,FALSE,1/27/2020,Mnr,-106.2941972
38,FALSE,2/5/2020,Skp,-55.2116811
62,NA,3/19/2020,Qeg,55.74312296
18,TRUE,3/9/2020,Zhc,-20.19458561
95,NA,2/19/2020,Gzc,-92.07171343
85,TRUE,5/26/2020,Gnb,9.844673407
6,NA,5/9/2020,Ybz,-5.450648223
80,NA,4/23/2020,Hco,-102.9804657
49,TRUE,2/9/2020,Bbj,-32.59317606
11,TRUE,6/28/2020,Vpc,6.224954644
1,NA,2/2/2020,Vmd,0.358840369
98,FALSE,6/2/2020,Aex,183.6897332
34,TRUE,2/28/2020,Mhl,28.64693839
70,FALSE,3/19/2020,Kvo,-198.0113655
84,TRUE,3/17/2020,Qaf,26.49375904
30,NA,1/21/2020,Ewp,-2.631284884
60,FALSE,4/15/2020,Ugn,-53.50702711
18,TRUE,6/2/2020,Mmz,17.40200964
15,TRUE,5/11/2020,Pqk,9.789933764
49,FALSE,6/17/2020,Hox,-12.0264211
54,FALSE,4/16/2020,Opz,7.847115511
85,NA,3/23/2020,Rmu,-88.00193205
97,TRUE,3/3/2020,Whn,-61.24632824
71,TRUE,4/16/2020,Phb,-19.23970632
58,TRUE,2/28/2020,Szr,-66.52559949
93,NA,5/21/2020,Spe,75.25906962
21,FALSE,4/1/2020,Mvs,-2.887133595
48,FALSE,1/18/2020,Duh,-7.803832121
76,FALSE,3/15/2020,Pyb,69.97921468
39,NA,3/20/2020,Epu,7.411888572
62,TRUE,2/17/2020,Com,30.87953206
69,FALSE,3/21/2020,Hsx,-22.99954625
62,TRUE,1/24/2020,Tfb,17.76021808
14,FALSE,1/15/2020,Pqg,14.09181105
12,TRUE,1/9/2020,Xvd,4.400152772
73,FALSE,3/7/2020,Jug,-17.97367989
32,NA,6/28/2020,Ncl,2.844859131
41,TRUE,2/3/2020,Uwl,41.44191203
90,FALSE,2/19/2020,Lha,-31.19448162
34,FALSE,2/24/2020,Azg,18.41646299
15,TRUE,3/16/2020,Dke,14.66067005
93,TRUE,4/8/2020,Wbw,-116.0960016
62,TRUE,6/26/2020,Fot,19.53708078
40,FALSE,4/20/2020,Dtl,-15.26359712
65,TRUE,5/26/2020,Ubc,75.45403136
49,FALSE,1/13/2020,Rnl,19.40499288
44,FALSE,3/19/2020,Jqw,38.8960331
15,FALSE,1/25/2020,Aav,-26.4742102
20,FALSE,2/9/2020,Eej,3.841604655
55,FALSE,5/16/2020,Qrm,58.96360206
30,FALSE,4/2/2020,Ore,20.64214735
1,FALSE,5/28/2020,Fur,-0.293493888
2,NA,3/12/2020,Xbh,1.831572904
4,FALSE,5/23/2020,Gqx,6.515368048
77,FALSE,2/12/2020,Slc,-56.48708047
84,TRUE,2/23/2020,Rxt,-33.3066843
78,TRUE,3/2/2020,Dnh,-141.8441525
51,FALSE,3/25/2020,Zvx,-17.21957264
51,TRUE,2/25/2020,Eni,48.33567596
38,TRUE,4/27/2020,Cxf,-37.53110784
12,FALSE,6/20/2020,Pfm,11.50139138
90,FALSE,4/8/2020,Tjj,34.82203593
57,TRUE,5/7/2020,Kxn,-64.2614355
58,TRUE,5/6/2020,Vgl,-47.04601568
5,TRUE,3/28/2020,Jgm,3.221871772
56,FALSE,2/14/2020,Abe,-36.36615753
22,TRUE,5/21/2020,Zpz,8.915690497
97,FALSE,3/30/2020,Ejm,38.77390522
5,TRUE,5/4/2020,Efu,-6.941268797
50,TRUE,3/18/2020,Hlt,-10.52990716
27,TRUE,2/3/2020,Qir,-21.74771132
56,FALSE,4/18/2020,Btr,-172.2216037
50,FALSE,6/12/2020,Laq,-14.05523774
65,NA,2/18/2020,Yiz,27.8510176
17,FALSE,5/26/2020,Tde,19.94011608
47,NA,1/8/2020,Qhc,9.5160969
86,NA,6/25/2020,Rkv,-177.126265
32,FALSE,3/18/2020,Pka,15.01326893
12,NA,5/21/2020,Yva,1.692638075
56,FALSE,4/29/2020,Kuy,7.51979361
68,FALSE,6/24/2020,Qac,-16.60446248
20,FALSE,4/12/2020,Nkd,11.66295873
44,FALSE,4/2/2020,Cuz,-81.26375458
42,NA,1/6/2020,Cop,2.633550609
39,NA,1/12/2020,Uuy,52.06119537
46,TRUE,5/19/2020,Qtv,73.04389915
32,FALSE,2/25/2020,Btn,18.00282331
87,FALSE,1/27/2020,Ken,-94.56128912
88,FALSE,1/26/2020,Ohl,36.09778473
64,TRUE,1/19/2020,Kzq,-57.88282076
97,FALSE,2/2/2020,Rrx,138.4977355
59,FALSE,2/5/2020,Yha,10.14820825
42,TRUE,2/24/2020,Mob,-42.58147631
95,TRUE,2/16/2020,Tgf,95.31594505
35,FALSE,1/17/2020,Lah,-20.29473082
31,TRUE,6/14/2020,Rwj,24.32540815
61,NA,2/18/2020,Amw,54.39770264
65,NA,3/26/2020,Dao,0.099105143
38,FALSE,5/14/2020,Ppl,-46.73703994
15,FALSE,5/12/2020,Vdk,-5.63753305
93,TRUE,4/23/2020,Ymv,131.3581787
83,FALSE,4/3/2020,Tuc,55.48467386
48,FALSE,5/20/2020,Gdi,-5.993127406
70,FALSE,2/6/2020,Pkh,9.323692368
46,FALSE,2/9/2020,Cig,-6.78709143
61,TRUE,3/26/2020,Sco,44.59604941
5,FALSE,2/22/2020,Pjy,-3.538226551
74,FALSE,3/23/2020,Bmg,2.301802964
21,FALSE,3/29/2020,Xfa,22.41439705
83,FALSE,1/20/2020,Lyr,-141.1183515
29,FALSE,6/12/2020,Xqy,15.72866183
46,FALSE,2/3/2020,Aol,41.15866988
83,FALSE,2/15/2020,Ggv,-3.078405205
7,NA,2/24/2020,Pdr,12.99506275
35,TRUE,4/8/2020,Reo,-27.69427233
60,TRUE,2/9/2020,Hmh,-62.2570934
30,FALSE,3/15/2020,Jok,28.10006888
79,FALSE,1/9/2020,Vje,142.9471349
16,TRUE,6/19/2020,Jui,-8.868927057
42,NA,1/15/2020,Ofh,16.77300622
6,NA,3/5/2020,Qwt,-4.200139779
50,FALSE,3/8/2020,Ctg,18.98246094
87,TRUE,4/20/2020,Mis,7.636215174
76,FALSE,1/13/2020,Gyv,84.95251637
55,TRUE,1/23/2020,Aad,40.29517322
61,FALSE,1/15/2020,Wej,96.3106633
32,FALSE,3/30/2020,Sgc,-32.86360752
78,FALSE,1/23/2020,Sex,-52.28817979
27,FALSE,3/13/2020,Zwp,-4.369060375
27,TRUE,4/15/2020,Fgq,-8.461301602
72,TRUE,6/15/2020,Ycg,-44.02722715
56,FALSE,6/9/2020,Gxh,-97.26429159
87,FALSE,4/9/2020,Vaj,8.542074471
41,FALSE,5/7/2020,Jox,-31.79765271
49,FALSE,5/10/2020,Bvy,75.09439551
92,NA,6/22/2020,Yot,102.1983249
74,FALSE,6/25/2020,Bxq,20.65114018
21,TRUE,1/12/2020,Muo,-7.409818226
29,FALSE,2/20/2020,Tmm,-6.30893931
77,FALSE,1/13/2020,Hqc,-117.707448
24,NA,1/7/2020,Oei,-15.60154337
24,NA,2/19/2020,Kre,-13.84761885
38,FALSE,3/10/2020,Zla,34.61024593
97,TRUE,5/21/2020,Wca,23.76168953
33,FALSE,6/30/2020,Jae,-23.37528063
33,FALSE,4/8/2020,Uvd,23.25683073
86,FALSE,2/28/2020,Ogw,-30.03391246
95,NA,4/22/2020,Eav,-201.2956576
28,TRUE,4/18/2020,Dhh,-8.656868335
61,FALSE,6/23/2020,Neg,24.93602267
45,FALSE,6/24/2020,Mpr,10.70434672
19,FALSE,4/22/2020,Sro,-6.499270363
18,FALSE,6/11/2020,Iyh,-24.78372589
66,FALSE,6/10/2020,Hqr,71.56644333
74,FALSE,4/23/2020,Msf,-86.74643209
73,TRUE,2/24/2020,Gze,-8.186681941
71,NA,3/30/2020,Xza,75.22145657
62,FALSE,4/23/2020,Bkm,-24.24140933
43,NA,1/23/2020,Ttu,-1.332951379
48,FALSE,1/8/2020,Dlu,-13.09438897
20,TRUE,5/9/2020,Kqs,-17.86013515
67,FALSE,2/24/2020,Odq,-2.388460869
59,TRUE,2/3/2020,Qwi,28.96382935
35,TRUE,3/14/2020,Fuq,0.617908577
77,NA,6/12/2020,Vsm,-19.35639828
72,TRUE,6/4/2020,Bmh,-5.601820023
84,FALSE,3/12/2020,Lgt,-59.71663248
90,FALSE,1/16/2020,Tai,35.13045838
56,NA,1/15/2020,Luu,91.05621805
26,FALSE,3/24/2020,Rgt,12.40647508
81,NA,1/22/2020,Yrs,-14.83414184
22,TRUE,3/4/2020,Oaf,-5.073338321
89,FALSE,6/13/2020,Kqm,110.2178772
96,NA,3/2/2020,Rpu,127.4729087
25,TRUE,5/1/2020,Ald,23.34584047
52,FALSE,5/29/2020,Igi,52.21563167
5,FALSE,4/16/2020,Uyn,-7.589420131
73,NA,4/16/2020,Pbe,-52.10033249
65,TRUE,4/17/2020,Dwm,104.9065807
42,NA,1/23/2020,Neu,23.14614332
66,NA,1/27/2020,Esj,-24.88515076
91,TRUE,1/15/2020,Ybf,56.50361246
25,FALSE,4/11/2020,Cdj,-27.39520611
53,FALSE,4/26/2020,Hdy,-10.99653472
30,NA,1/25/2020,Jfj,-12.38646261
53,TRUE,2/19/2020,Lac,56.38626015
4,TRUE,4/15/2020,Mgk,2.180060557
19,TRUE,6/12/2020,Laj,-1.699619453
82,FALSE,5/10/2020,Wol,-40.60014111
14,NA,1/5/2020,Pyq,4.532504189
49,FALSE,1/25/2020,Kxc,-48.32864795
14,FALSE,5/4/2020,Ggd,-9.351061068
4,TRUE,3/16/2020,Yxe,-3.895602375
65,FALSE,4/5/2020,Ugm,-113.5777162
84,TRUE,3/10/2020,Use,-46.30682231
18,NA,3/8/2020,Kdq,-1.596580561
62,FALSE,2/22/2020,Cmh,-112.0152485
55,NA,1/10/2020,Okr,77.68894057
15,FALSE,5/17/2020,Dkl,1.143390802
24,TRUE,5/20/2020,Goa,-45.87328511
44,NA,2/7/2020,Qwv,-25.54462627
18,NA,4/5/2020,Rok,-1.089226171
64,TRUE,6/15/2020,Phh,16.02062412