quantity,onSale,invoiceDate,customer,price
26,FALSE,2020-06-28,Itf,-14.240969193120064
11,FALSE,2020-01-20,Fal,6.3870602949724224
98,FALSE,2020-02-16,Ywn,-68.0421242121204
60,FALSE,2020-06-04,Tbb,63.50812574929956
98,FALSE,2020-06-25,Pky,-44.08903032417292
24,FALSE,2020-01-18,Kbm,-8.839899935345125
40,NA,2020-06-18,Mir,7.6396421982319485
86,FALSE,2020-01-06,Vyg,-48.45616335903638
54,NA,2020-01-03,Jgt,32.011873829749035
77,FALSE,2020-02-04,Nwj,75.1601561292359
35,FALSE,2020-06-06,Hlc,15.658978794530972
76,TRUE,2020-02-12,Iox,110.79644783915009
81,FALSE,2020-04-06,Mfn,-143.14393847878202
59,FALSE,2020-02-29,Utm,-76.58971776948516
96,TRUE,2020-04-04,Cdk,70.77835439541133
41,NA,2020-02-07,Izq,-79.45185933372882
57,FALSE,2020-03-29,Ibr,-34.73348594419492
68,TRUE,2020-03-09,Imo,-124.7146071219786
74,FALSE,2020-05-22,Bso,115.27961287297491
82,TRUE,2020-05-10,Ghz,13.385824274815281
94,FALSE,2020-05-05,Xhi,-9.128644039316066
10,FALSE,2020-03-12,Evo,-6.220096249595234
82,FALSE,2020-04-06,Iqp,-20.413374721224574
98,FALSE,2020-06-09,Gnl,80.62562220748879
22,FALSE,2020-03-15,Fue,-27.528616635970614
25,FALSE,2020-02-17,Ojt,54.820624123548
90,FALSE,2020-01-07,Drs,13.3484971587616
34,NA,2020-01-10,Izq,48.991107887266836
8,FALSE,2020-03-06,Qwj,-7.62638957289773
29,FALSE,2020-03-13,Gkx,3.8288038044049157
5,FALSE,2020-01-31,Vht,-7.8995639526902615
90,FALSE,2020-04-14,Poz,-111.39215662591037
9,TRUE,2020-04-02,Qym,9.08658012467229
72,TRUE,2020-06-28,Fla,-97.46770760179128
83,NA,2020-03-06,Nsd,-44.052244561566255
32,TRUE,2020-02-26,Ivg,26.224536114634265
37,FALSE,2020-03-17,Hua,-42.93522664014601
37,TRUE,2020-04-10,Zcm,-28.41776298173211
62,TRUE,2020-05-13,Uvh,-6.918546243350948
30,TRUE,2020-06-17,Lix,61.10790321879981
53,NA,2020-04-04,Bxi,-37.60106261708765
31,FALSE,2020-04-08,Zrn,21.717737110389294
13,NA,2020-02-11,Zfd,-0.28739106799729397
54,TRUE,2020-04-08,Iae,-122.94319034900838
73,TRUE,2020-06-06,Gtq,27.956928860323508
62,FALSE,2020-05-27,Vmf,135.50108124069263
52,TRUE,2020-06-30,Suz,17.14628924724172
31,FALSE,2020-05-17,Yla,-21.31801273554774
1,FALSE,2020-01-12,Mst,1.0113349067341744
72,FALSE,2020-03-16,Jut,-22.701887236893718
74,NA,2020-01-21,Woq,-55.007313553313786
28,NA,2020-02-19,Vrc,-37.248363130521774
53,FALSE,2020-06-10,Poq,-65.24350562432791
78,FALSE,2020-01-20,Xzb,20.737106244169798
62,TRUE,2020-05-05,Geq,-50.16479828058837
9,FALSE,2020-04-23,Spl,8.545857150326107
94,NA,2020-05-14,Lle,-69.37891193198645
54,FALSE,2020-04-28,Adg,23.768995424017124
11,NA,2020-04-26,Xep,-2.0404475354509675
51,NA,2020-05-06,Aqu,3.7425252410220513
31,NA,2020-05-17,Rzp,-42.66713371276606
10,FALSE,2020-04-25,Nzf,6.271542236072398
43,FALSE,2020-06-29,Pag,72.08249032046864
82,TRUE,2020-05-24,Wxo,29.394905870148527
73,FALSE,2020-01-24,Eem,4.866190270077034
91,NA,2020-06-19,Yqz,155.80756851263988
14,FALSE,2020-02-12,Gva,-8.561622636985838
16,NA,2020-06-30,Pre,-25.2669335424632
68,TRUE,2020-06-05,Ewv,-69.7814251465193
5,TRUE,2020-02-28,Htr,3.4635536054687845
42,TRUE,2020-06-16,Ddy,52.699452259167785
12,NA,2020-02-25,Iau,25.511153814396792
62,TRUE,2020-03-06,Kaz,-1.0508134817243793
48,FALSE,2020-06-17,Rxz,-5.395745975489938
17,FALSE,2020-01-11,Oed,3.496576125653198
34,NA,2020-02-21,Xfe,-11.60943475145984
43,NA,2020-04-23,Fmv,36.604157463112244
72,TRUE,2020-04-11,Vcl,-29.885709895695438
46,TRUE,2020-02-08,Wek,-19.376034445839778
8,FALSE,2020-06-15,Tps,-2.4428715887601284
29,FALSE,2020-04-20,Wmn,41.77839775957275
5,FALSE,2020-01-01,Gpi,-5.650430494366971
24,FALSE,2020-04-12,Tlx,-20.58359717495425
20,FALSE,2020-05-27,Yqz,25.841144545131897
64,NA,2020-02-07,Rnu,-45.06104182919911
60,FALSE,2020-02-18,Ywv,-54.51333020694972
71,FALSE,2020-06-18,Fgp,-44.67942328133835
4,FALSE,2020-01-21,Vgp,2.159721465916014
12,TRUE,2020-03-11,Ibs,17.217951362314743
97,NA,2020-03-26,Tbb,-3.0671653867515745
78,FALSE,2020-05-08,Phd,-124.7424438760225
42,TRUE,2020-05-24,Wbz,74.13399406175402
59,FALSE,2020-03-05,Yyp,-27.898848440507496
77,TRUE,2020-04-26,Dkb,-38.97260075818157
99,NA,2020-04-16,Vlx,117.72476219534597
24,TRUE,2020-01-24,Jak,10.264299226373035
47,NA,2020-05-24,Awi,-93.66717974730005
1,FALSE,2020-03-30,Ujv,-0.9124432966063558
8,FALSE,2020-04-12,Ate,-3.9474117449448465
38,FALSE,2020-04-21,Spk,28.873996726400293
3,TRUE,2020-06-01,Nfg,-0.021803324867759113
95,TRUE,2020-06-18,Wni,-55.80187448590252
5,TRUE,2020-01-02,Jmy,-4.242072993374291
27,TRUE,2020-05-07,Obv,28.508210087311568
13,TRUE,2020-05-16,Twy,8.240710696868106
73,FALSE,2020-04-15,Lzq,33.39077104081264
93,NA,2020-01-13,Fah,-94.42358614190563
89,TRUE,2020-02-09,Mhk,-54.94531051048529
65,FALSE,2020-02-02,Zxz,58.9986527694834
25,TRUE,2020-06-12,Qwq,0.8109130387213491
23,TRUE,2020-01-12,Fgc,17.287126747669962
30,NA,2020-03-30,Piy,37.12994654698803
26,FALSE,2020-04-05,Drq,13.854368365683406
80,FALSE,2020-02-03,Omy,46.19533023462401
10,FALSE,2020-04-05,Orm,-15.477887095867832
13,TRUE,2020-06-13,Cqk,-12.182831707210623
19,FALSE,2020-05-31,Dqy,-3.78070996625478
3,TRUE,2020-02-01,Vkt,0.9161607851483804
81,FALSE,2020-05-25,Fem,-16.29158448784724
12,TRUE,2020-03-11,Aul,-12.477261501027616
84,TRUE,2020-04-10,Bwb,20.08050648014992
75,FALSE,2020-06-14,Dlm,37.633060555139714
21,FALSE,2020-04-06,Toh,22.720461534338572
4,FALSE,2020-02-16,Rgb,0.8235676070625864
8,NA,2020-04-10,Bga,4.362099708992876
11,FALSE,2020-04-16,Ckc,-6.209259377546006
82,TRUE,2020-03-04,Ilm,-25.973545790138385
16,FALSE,2020-03-22,Mhz,9.377441908305608
40,FALSE,2020-04-01,Nbp,-13.054087501382627
87,TRUE,2020-03-29,Eeg,-26.91435337195705
52,NA,2020-04-28,Jvh,48.23683907088462
82,FALSE,2020-06-28,Ara,-13.329209289985435
55,FALSE,2020-02-13,Arq,18.581395820902955
96,NA,2020-06-24,Rqh,-52.39337187352292
68,FALSE,2020-03-16,Zat,32.56656282013606
6,TRUE,2020-03-29,Awn,-10.221895282418796
94,TRUE,2020-01-22,Bto,17.963495329804104
60,NA,2020-03-04,Mfb,7.237982814870231
94,FALSE,2020-05-05,Pmk,43.06268988068634
63,FALSE,2020-05-04,Duo,-56.76969426517192
45,FALSE,2020-05-19,Zyz,46.02179098729983
79,TRUE,2020-02-13,Bhp,-100.49710001835139
71,FALSE,2020-03-29,Jlr,-2.9540925002093728
26,FALSE,2020-06-19,Pld,-1.3394049961350776
50,TRUE,2020-04-29,Txx,-59.21555630300788
19,TRUE,2020-04-09,Ysp,27.37872481769566
62,TRUE,2020-01-16,Vji,58.00587405106504
75,FALSE,2020-04-15,Kkf,47.05675635648026
81,FALSE,2020-04-09,Iys,-32.39509715795884
12,FALSE,2020-03-18,Eah,16.15440859951638
31,TRUE,2020-01-02,Dvr,-43.49159186983983
45,FALSE,2020-04-03,Nne,-39.644170351476156
49,FALSE,2020-02-26,Vru,-62.17126372684602
5,TRUE,2020-01-03,Jzd,-1.8952373905857338
6,FALSE,2020-03-31,Puv,-2.1482010250342882
73,FALSE,2020-04-18,Sub,92.41563923133347
11,TRUE,2020-01-21,Wdu,7.605758636841335
23,TRUE,2020-03-24,Hct,4.108836456008879
63,FALSE,2020-06-08,Gzx,41.64001898249548
10,NA,2020-06-22,Nas,-6.036319306852928
29,FALSE,2020-02-29,Ukq,2.64220977099957
68,FALSE,2020-03-24,Tyn,-187.0066888844874
4,NA,2020-04-08,Asx,0.35062192030343364
45,TRUE,2020-01-23,Dpl,-30.51481938271373
70,NA,2020-04-11,Vzd,-61.46166768241201
4,TRUE,2020-02-10,Wjl,-2.8678707365320877
63,FALSE,2020-05-24,Evk,103.20444031157257
90,TRUE,2020-06-25,Drv,55.97122085676988
11,FALSE,2020-04-02,Twe,-3.886984786240466
32,FALSE,2020-01-12,Oeu,45.27978715932406
9,TRUE,2020-02-08,Xjf,13.980407924839119
78,NA,2020-04-23,Mqf,66.65775117769462
39,FALSE,2020-06-20,Nom,-21.28111686708473
51,FALSE,2020-03-04,Haa,38.68539497575757
15,FALSE,2020-04-03,Hoe,2.6134167332044695
79,TRUE,2020-05-26,Mjl,-4.5362085020294245
35,TRUE,2020-06-17,Hsf,-30.696534043810818
77,FALSE,2020-03-13,Kdx,97.69576166489111
9,TRUE,2020-03-17,Ajz,-5.205995590084938
31,TRUE,2020-03-21,Vak,-26.98292517180786
13,TRUE,2020-04-18,Ydl,14.007121414250035
1,FALSE,2020-02-29,Ivv,-0.3578173462277728
47,FALSE,2020-02-03,Lri,-122.36705098747716
60,FALSE,2020-05-18,Wgg,30.061579908595697
38,FALSE,2020-05-14,Xjn,3.2823763582912
41,TRUE,2020-03-28,Xnu,34.443403339108386
37,FALSE,2020-01-05,Opv,69.63126897799057
16,FALSE,2020-02-15,Qqo,-16.039021888374425
33,FALSE,2020-04-17,Qfc,33.07143177080214
35,FALSE,2020-01-04,Xkd,-47.81109433272817
61,TRUE,2020-05-12,Pph,-11.639061134949314
5,FALSE,2020-06-05,Jwd,5.878611757561632
32,NA,2020-05-21,Ajq,51.74633599211187
66,FALSE,2020-01-28,Vyk,-44.98468599334725
41,FALSE,2020-02-11,Szk,-34.64485331311991
23,FALSE,2020-03-28,Pnq,-4.656303985002925
86,FALSE,2020-01-13,Gkb,58.492824974645814
82,NA,2020-06-12,Uwq,78.05562226894928
58,FALSE,2020-05-04,Psz,-106.61791048802078
36,FALSE,2020-02-01,Icr,-30.418611349291112
79,FALSE,2020-03-25,Bnc,-20.48190156499544
56,FALSE,2020-03-19,Oic,-24.00791467989516
42,TRUE,2020-04-01,Nds,4.3427751726261254
1,TRUE,2020-01-12,Lzs,-0.8105459373804135
47,TRUE,2020-05-31,Bfn,-42.71614974311072
18,FALSE,2020-06-13,Lyp,28.000089396690598
2,TRUE,2020-01-03,Djm,0.056983654283730735
12,TRUE,2020-06-11,Tew,28.32272757629364
48,FALSE,2020-03-29,Jwg,-59.69889390731665
46,FALSE,2020-04-04,Lld,-9.854451592301974
80,FALSE,2020-01-09,Xtq,-52.96944358745736
46,TRUE,2020-06-28,Qkq,26.133191206538218
71,TRUE,2020-04-16,Akz,24.710252688548767
46,NA,2020-01-23,Rmw,31.015856201336582
21,FALSE,2020-04-12,Gpo,5.532038987433543
10,FALSE,2020-02-17,Xow,-8.127401564093693
18,FALSE,2020-04-06,Hft,-28.91943041157967
2,FALSE,2020-05-10,Eij,-0.9630042767369411
85,NA,2020-06-02,Tay,-83.88728849706702
34,FALSE,2020-03-24,Mcv,-1.1516338446486336
88,FALSE,2020-04-19,Spl,-42.598098166565435
97,FALSE,2020-03-13,Eht,-21.843275960313004
37,FALSE,2020-03-23,Uwq,1.9063550012212542
49,TRUE,2020-06-26,Xje,-30.1473566559715
46,NA,2020-06-08,Oaf,-51.118775872094
27,FALSE,2020-04-29,Lhu,-3.019485687785313
66,TRUE,2020-03-31,Gal,-51.66885267785952
72,FALSE,2020-03-16,Rig,243.16086476384328
98,FALSE,2020-01-04,Jom,-108.33084133105592
38,TRUE,2020-04-10,Ugm,-30.726524056269877
9,FALSE,2020-05-08,Emp,-12.081449123778976
14,TRUE,2020-06-10,Xaj,14.829094705901047
19,FALSE,2020-02-09,Zhw,0.7277461089029323
88,NA,2020-04-08,Dau,-7.264586704363781
5,FALSE,2020-05-19,Huf,-1.9281665812156914
74,FALSE,2020-04-21,Ili,-3.4160844150091525
58,FALSE,2020-02-18,Etx,-3.64480229074214
14,TRUE,2020-01-10,Pwr,-12.201947154507044
7,NA,2020-05-21,Hub,-2.230172453861137
47,FALSE,2020-01-22,Leu,28.61192481204896
42,NA,2020-02-13,Yfl,65.28982328612105
76,FALSE,2020-03-29,Spa,77.15989683872981
99,NA,2020-03-13,Hqp,62.68881029275519
64,FALSE,2020-06-25,Oub,4.270085858642765
45,TRUE,2020-06-26,Gig,-9.800711561350846
84,FALSE,2020-03-04,Rwx,57.55095603517196
20,NA,2020-02-02,Zwf,-49.23139890128014
45,FALSE,2020-01-04,Nws,-18.815510420187525
98,FALSE,2020-04-12,Eqq,-46.57018946754905
23,TRUE,2020-06-29,Fwp,15.851139344548239
74,FALSE,2020-01-25,Rru,3.106509347505929
1,TRUE,2020-03-29,Tws,-1.4050871572893942
20,FALSE,2020-01-25,Eym,-5.877391683088166
26,TRUE,2020-04-08,Wxm,37.99040367524122
76,TRUE,2020-02-11,Srv,51.52465363208308
34,TRUE,2020-04-01,Hpo,-9.721761770752307
66,FALSE,2020-03-31,Lge,-103.87223002095982
91,TRUE,2020-01-22,Paj,53.046662383722804
40,FALSE,2020-03-14,Cnq,-62.56634365847799
1,FALSE,2020-02-04,Hma,0.5296691240384759
95,FALSE,2020-01-01,Koc,106.91493384986701
31,NA,2020-03-29,Caj,7.64238845486314
76,FALSE,2020-01-24,Mvf,87.2157155322592
11,FALSE,2020-02-11,Wwq,-15.744828296508686
65,NA,2020-04-25,Kab,-59.61238411241593
70,NA,2020-04-23,Xsh,34.63713017177686
56,TRUE,2020-06-01,Fmv,-69.80676934540766
65,FALSE,2020-04-13,Cba,-11.991512089566765
42,FALSE,2020-06-22,Mbl,-23.291898620853203
63,FALSE,2020-02-09,Tmm,-76.80164353977243
81,TRUE,2020-02-09,Ncl,52.55853938910973
41,NA,2020-01-02,Gnw,52.31382897238381
17,TRUE,2020-03-18,Ktr,23.747445032820988
27,FALSE,2020-02-28,Tkx,17.71788767716125
79,TRUE,2020-05-02,Fbv,78.99598262500137
88,TRUE,2020-01-06,Hoy,163.7577478702196
31,FALSE,2020-03-31,Pav,30.045812539068972
93,TRUE,2020-04-22,Sjd,126.67008628809606
30,FALSE,2020-05-18,Hid,13.174639455889183
62,FALSE,2020-01-11,Itl,123.30637531718607
63,TRUE,2020-01-01,Orr,12.31806990156799
94,TRUE,2020-04-15,Tez,19.270323079239486
62,TRUE,2020-02-23,Cbo,-3.204371319044544
91,FALSE,2020-04-02,Tul,5.971118137097495
56,FALSE,2020-05-12,Ysl,92.29259017012816
10,FALSE,2020-02-02,Fzu,10.797683608851765
60,NA,2020-06-08,Jdm,19.069902508993266
41,FALSE,2020-03-10,Dji,3.347932849041407
48,FALSE,2020-05-24,Gta,-120.31485988830184
90,NA,2020-03-27,Kci,19.844952186916128
17,FALSE,2020-06-22,Ong,-6.024104820210302
15,FALSE,2020-06-15,Hjm,8.981301455776197
83,FALSE,2020-04-27,Jio,-58.231308961726285
21,TRUE,2020-03-11,Wov,-32.7186855757479
43,TRUE,2020-02-17,Ueo,8.9134005034218
19,TRUE,2020-05-03,Fft,-9.369054304252927
51,FALSE,2020-02-06,Ehg,13.43676168766637
13,NA,2020-04-24,Mrt,-23.61429613077722
62,FALSE,2020-06-02,Rws,170.27607916486693
16,TRUE,2020-01-10,Xtg,-5.134947545532881
90,TRUE,2020-03-06,Ovl,66.33753530684089
57,FALSE,2020-06-16,Hbo,-100.53080391034658
93,FALSE,2020-05-12,Loy,194.71170357462236
22,TRUE,2020-03-27,Uqb,7.0228615098307205
1,TRUE,2020-01-28,Srb,-0.9701125184949742
19,TRUE,2020-04-20,Wko,-23.707630770977335
71,FALSE,2020-04-18,Ydx,7.163984973329004
90,FALSE,2020-05-10,Cwj,-87.61439720622042
51,FALSE,2020-03-08,Cqs,-59.333916624767205
32,FALSE,2020-01-29,Nmc,-6.362158993539629
76,FALSE,2020-02-15,Gbw,114.45608314727203
97,TRUE,2020-03-12,Gyy,163.8357834604951
72,FALSE,2020-05-29,Ozk,84.30886670920955
62,NA,2020-06-10,Akh,46.82819591940512
67,FALSE,2020-03-04,Ekk,-58.80872590752365
45,FALSE,2020-03-30,Bqg,-11.658210249526562
92,TRUE,2020-06-17,Hpk,24.23621240738023
50,NA,2020-03-06,Bjz,-10.5227686453477
78,NA,2020-04-14,Fis,120.36878366673197
23,TRUE,2020-04-20,Xnt,-22.925267428156893
83,NA,2020-04-08,Fcp,-135.2786107404498
63,FALSE,2020-04-20,Vxc,-34.11058348760814
13,FALSE,2020-04-04,Loi,1.9102903508347164
12,NA,2020-06-27,Akq,-1.7490344965041371
89,FALSE,2020-04-05,Gbp,-64.20890025004087
31,FALSE,2020-04-24,Pco,-29.48868626199978
64,FALSE,2020-05-26,Ohp,-3.7598147836107123
6,NA,2020-05-21,Lvi,5.554728272343704
54,FALSE,2020-05-21,Tuw,22.76587121429278
3,FALSE,2020-05-23,Poq,4.899627032717112
17,NA,2020-04-22,Bmj,3.204273305621274
10,TRUE,2020-02-24,Vwv,17.12851820404589
11,TRUE,2020-05-31,Lfd,9.492562221152237
10,FALSE,2020-04-01,Iqj,-14.50484149621844
23,TRUE,2020-03-11,Sef,17.3368932764959
89,NA,2020-01-14,Qkv,-63.10111503752372
13,FALSE,2020-05-09,Qmo,5.529876950176143
36,NA,2020-04-04,Qbn,19.807644738154778
45,FALSE,2020-02-16,Iec,2.792024381550794
7,TRUE,2020-05-09,Fhk,-5.371971241433706
12,TRUE,2020-01-18,Mfc,-3.9938219948149163
50,FALSE,2020-03-26,Cis,-35.95187188561712
81,TRUE,2020-03-09,Kfp,-69.00700402216897
72,FALSE,2020-06-08,Xlc,98.49057266821552
27,TRUE,2020-03-25,Izs,-24.441872548108574
22,FALSE,2020-03-19,Vno,4.4323129028996595
71,NA,2020-06-10,Hzz,146.59327130769694
75,FALSE,2020-03-09,Qnc,-53.00849754713542
21,FALSE,2020-01-04,Ped,2.800685113258053
82,TRUE,2020-02-11,Lzv,37.03761409950067
33,FALSE,2020-01-01,Wcv,-37.969976785789854
50,FALSE,2020-05-09,Prh,-24.99167098811536
36,FALSE,2020-01-12,Stv,-46.49329714165434
70,FALSE,2020-03-19,Vik,4.60647748775414
19,TRUE,2020-03-07,Hxd,23.346276040233274
92,FALSE,2020-05-31,Skc,-81.11808944668189
45,TRUE,2020-01-21,Bnd,-32.33033624608113
75,FALSE,2020-05-10,Gmh,-85.64784048376453
92,FALSE,2020-02-11,Mmn,-99.28644746541758
50,FALSE,2020-06-24,Mrr,29.82174505219504
60,FALSE,2020-05-03,Ocq,78.73362353182752
18,TRUE,2020-03-03,Diy,-26.358394801617802
89,TRUE,2020-04-05,Fpk,-17.300597380667593
31,TRUE,2020-02-04,Mal,-14.579658246132091
84,FALSE,2020-02-08,Atr,-78.92103544600414
58,NA,2020-02-18,Mpu,-59.53921825193238
17,TRUE,2020-04-01,Qll,-12.295274915252424
19,FALSE,2020-02-16,Rrf,-2.2255787211626075
70,FALSE,2020-02-29,Yba,54.842406840232954
24,FALSE,2020-01-22,Adm,18.28337558810393
3,FALSE,2020-04-15,Syx,0.15808209673600299
31,NA,2020-02-14,Cug,22.713499857548296
83,FALSE,2020-02-22,Xqu,-77.12509636602755
53,NA,2020-01-22,Lkn,-115.8176276186878
70,FALSE,2020-01-07,Vgj,-7.231908643201879
32,NA,2020-01-18,Kvk,-13.457728927032711
75,NA,2020-02-20,Bdq,-56.451436781154726
46,NA,2020-01-12,Xjv,101.1452545639095
52,NA,2020-01-27,Dij,-36.67541277002789
95,NA,2020-03-03,Ynh,110.79444270612306
2,FALSE,2020-02-09,Vly,-0.47064637997773423
87,FALSE,2020-04-26,Hec,17.68410395290839
74,NA,2020-06-29,Cak,-38.280663549355666
8,FALSE,2020-01-09,Guj,8.359499362664149
5,TRUE,2020-04-28,Syd,-7.987554791540897
81,TRUE,2020-05-22,Lsh,-91.3819688244095
19,TRUE,2020-01-29,Cjc,14.396347743931386
53,TRUE,2020-02-10,Itp,15.48392219814857
73,TRUE,2020-02-22,Lvg,47.79565446021175
49,NA,2020-05-25,Upp,26.663050820170383
1,FALSE,2020-03-03,Kgo,-1.1542611050999014
92,TRUE,2020-05-01,Dfv,113.67369495561336
3,FALSE,2020-06-16,Wyi,-0.18153534924667386
62,TRUE,2020-06-05,Wpd,-23.57331548477603
1,FALSE,2020-05-06,Qcz,4.617543006430488e-4
13,NA,2020-03-30,Rel,5.543877582322083
79,NA,2020-04-28,Bbm,-59.65281864318263
15,TRUE,2020-02-24,Nqa,27.160155042559868
26,FALSE,2020-03-10,Gvm,19.24291905546935
51,FALSE,2020-02-23,Ytm,3.1347489903762322
3,NA,2020-01-02,Uaj,-1.498024807747993
84,TRUE,2020-02-22,Mxr,-140.10994203292537
57,NA,2020-03-15,Ytg,-53.45075965323551
36,TRUE,2020-02-07,Nxo,-7.442182414455891
75,FALSE,2020-03-10,Hix,47.46532393064679
25,NA,2020-04-09,Olv,-7.997871660856686
3,FALSE,2020-02-22,Mgb,0.15164483573108672
35,TRUE,2020-06-20,Sfq,-25.857520559851483
97,TRUE,2020-01-10,Kcj,-144.64501572126449
33,FALSE,2020-03-20,Idw,-13.520533572978433
46,TRUE,2020-04-10,Wof,86.08963585990813
82,FALSE,2020-06-01,Rkg,-16.591983306746997
74,TRUE,2020-04-12,Qny,-142.21565619253923
82,FALSE,2020-01-13,Ozv,139.8187173349173
5,FALSE,2020-06-10,Ijt,-1.1176250134190675
79,TRUE,2020-05-01,Lpx,-11.181856630870497
42,TRUE,2020-03-29,Qka,-22.769041432737662
53,NA,2020-04-24,Krs,-18.19750888279327
20,NA,2020-01-18,Ckg,40.111005503380014
73,NA,2020-02-18,Soh,-25.420416138842835
27,FALSE,2020-01-03,Xzl,6.0243473800971925
37,FALSE,2020-05-20,Dsu,39.02224549706082
93,FALSE,2020-02-05,Edy,-20.512323812593742
68,TRUE,2020-03-27,Geg,7.78209071500436
85,FALSE,2020-04-22,Lzl,2.357345813200425
83,FALSE,2020-02-13,Kwb,-26.53429274934428
12,NA,2020-05-20,Siu,-9.102339442495557
14,TRUE,2020-02-06,Xax,-17.152389962999564
24,TRUE,2020-06-29,Sxe,-25.587684000084614
39,NA,2020-01-18,Zwt,-7.783127934334408
1,TRUE,2020-05-07,Uxt,-0.06280828399140617
2,TRUE,2020-02-20,Tqe,-1.1159410427526755
24,FALSE,2020-03-24,Kim,22.34317280196129
1,TRUE,2020-03-13,Qxa,-0.3709966709390874
53,FALSE,2020-01-03,Loy,-24.71447778096333
90,FALSE,2020-04-23,Dkx,64.11480095151668
67,TRUE,2020-02-22,Fuk,-37.332316961104006
40,TRUE,2020-02-07,Cgo,-62.445979424491526
15,FALSE,2020-04-14,Has,6.152542043625279
15,TRUE,2020-01-05,Vbk,-21.907059133812773
23,FALSE,2020-06-19,Zro,12.89010725091545
51,FALSE,2020-05-21,Aom,-9.838042058348687
20,TRUE,2020-01-08,Vyi,-37.1378833164255
77,FALSE,2020-02-28,Gcf,-39.296327742418036
85,NA,2020-03-10,Anr,18.28970807010141
81,NA,2020-01-15,Gel,-120.69051936137254
32,FALSE,2020-03-19,Ugr,-13.311051662474958
45,FALSE,2020-04-25,Ach,28.19795163441396
83,NA,2020-04-18,Hqo,-175.40087346511737
40,NA,2020-02-20,Eaf,-24.126277401496793
22,NA,2020-04-18,Kdz,26.68075148515807
79,NA,2020-02-19,Fes,32.00995855707562
45,FALSE,2020-05-06,Zwc,53.467508164133505
42,FALSE,2020-05-15,Xex,39.574869736516625
87,TRUE,2020-05-19,Xjr,43.38959809393679
11,FALSE,2020-05-26,Uwz,-11.2310447288553
70,FALSE,2020-05-30,Htt,-36.96025307706311
79,NA,2020-01-06,Gew,90.53117978457502
17,TRUE,2020-06-23,Iio,21.374329008658066
13,FALSE,2020-05-05,Sgj,-8.350638576061616
22,FALSE,2020-03-04,Qxe,-6.4546234543784164
45,FALSE,2020-03-29,Qmh,12.055226002277806
78,TRUE,2020-03-20,Udv,35.05788668866398
45,FALSE,2020-03-23,Uft,15.048413337935633
71,FALSE,2020-01-11,Owo,41.05186245745351
64,FALSE,2020-05-02,Iuk,80.40315091523313
38,NA,2020-03-04,Ejx,-14.505258753252985
34,FALSE,2020-01-18,Ysq,13.525895874869258
11,FALSE,2020-03-18,Jdy,2.0741486795669206
84,FALSE,2020-06-27,Xrs,-91.72918993362946
55,FALSE,2020-02-28,Zfd,-31.04046660942721
96,FALSE,2020-05-01,Tzg,-5.569199838961088
53,TRUE,2020-05-07,Jlo,-4.0507871436536105
62,FALSE,2020-06-08,Lqg,51.6323360656102
59,NA,2020-04-12,Hrz,-47.65773647816558
1,FALSE,2020-06-29,Cbr,0.0666027913035892
84,FALSE,2020-01-26,Aky,-23.56897535510017
91,TRUE,2020-02-27,Noj,60.85182713651138
36,FALSE,2020-04-24,Afm,35.03349443242435
66,FALSE,2020-05-24,Myl,-14.11723926943855
49,FALSE,2020-03-15,Ddt,-23.482586719033982
44,TRUE,2020-03-17,Ect,21.749628272702346
57,TRUE,2020-04-02,Jli,-58.880352278340965
68,NA,2020-05-05,Dap,-47.3020373032224
20,NA,2020-05-20,Ikt,-33.11325074528011
45,FALSE,2020-05-05,Vzh,-17.61749566274131
78,TRUE,2020-02-21,Zmm,124.15670518543573
44,NA,2020-05-24,Jie,43.87951944679869
82,FALSE,2020-06-17,Ucr,-31.016839799574527
97,FALSE,2020-06-23,Wag,16.511706339703178
21,FALSE,2020-06-03,Vgf,13.87772522893035
42,FALSE,2020-03-18,Dom,59.43031410993486
83,FALSE,2020-04-09,Hup,-92.99237668156589
89,NA,2020-01-23,Qiv,72.51760199330478
90,NA,2020-06-29,Suw,38.02489367805079
96,NA,2020-01-26,Zfl,-65.27833022987491
52,TRUE,2020-02-21,Qwm,-46.534169546752345
48,NA,2020-06-29,Eig,-13.425195854831582
50,NA,2020-03-03,Tvl,-84.28812540865736
86,NA,2020-06-13,Cjl,35.03954501222775
79,FALSE,2020-05-27,Nqi,63.562738295102264
27,NA,2020-03-15,Cdi,-38.70564511816853
21,NA,2020-05-24,Dwb,-13.328984395584317
69,NA,2020-05-02,Iib,45.663723036071424
84,FALSE,2020-02-04,Dur,-60.01321167866233
81,FALSE,2020-06-01,Qdz,-127.54355753470642
10,FALSE,2020-03-03,Alh,15.5257859289459
31,TRUE,2020-03-22,Mty,13.265273954231766
69,NA,2020-03-05,Nxh,-1.2909383056668113
83,FALSE,2020-01-17,Zlw,-2.491597031269487
36,FALSE,2020-05-15,Bvd,-10.314158809978956
50,FALSE,2020-01-06,Bcg,41.51256494544792
68,TRUE,2020-01-04,Vyu,-66.81825672789229
35,FALSE,2020-03-24,Oob,-39.39835135090587
30,NA,2020-01-27,Eyi,-32.96340933613591
1,FALSE,2020-03-15,Wyh,-1.2786815548117774
27,TRUE,2020-05-23,Rlm,-10.707779046978182
98,TRUE,2020-01-25,Maf,178.2388883044751
8,TRUE,2020-04-17,Tft,-2.2242217344635407
79,NA,2020-02-22,Vxo,-29.978763933360522
97,FALSE,2020-02-02,Suy,-178.468244222983
63,FALSE,2020-05-22,Zac,-47.97788312192263
74,FALSE,2020-04-29,Hqe,160.8027970171503
31,TRUE,2020-06-07,Rnc,-27.708507515689636
44,FALSE,2020-03-24,Tni,6.927046549963805
88,FALSE,2020-03-27,Kfr,-11.519748376250277
50,NA,2020-04-18,Mht,6.567853061383608
46,TRUE,2020-05-07,Opk,-41.66713534681069
14,TRUE,2020-06-22,Ozp,-4.705410867352219
42,TRUE,2020-02-22,Erp,-63.53516815697658
71,NA,2020-06-26,Pwt,93.47057991790913
10,FALSE,2020-05-05,Zog,-3.003011942368234
4,FALSE,2020-04-24,Phu,-1.6893171998307852
67,TRUE,2020-02-01,Lsc,64.78578930761454
47,FALSE,2020-03-13,Vpf,-26.277456787297545
97,FALSE,2020-04-13,Gtm,85.8440408909536
65,TRUE,2020-02-12,Rht,91.08857291886035
13,NA,2020-06-01,Iac,0.3209619283029235
93,TRUE,2020-04-24,Euj,-41.256050543105886
19,NA,2020-01-09,Vul,-0.8378676432989047
17,TRUE,2020-01-20,Okd,-5.264972035958563
25,FALSE,2020-01-02,Ijz,7.770859855815148
82,FALSE,2020-03-28,Msb,-88.87170261815866
22,FALSE,2020-02-10,Pth,-15.642281975492779
6,FALSE,2020-03-25,Yck,1.6002698453814448
51,NA,2020-03-09,Pkk,-18.851438238629417
67,NA,2020-05-14,Jqh,-2.4061914686722936
17,TRUE,2020-06-02,Wbe,10.960356919983397
55,NA,2020-03-12,Ylk,-39.92018259019884
3,TRUE,2020-05-13,Cyz,2.26885367116873
30,TRUE,2020-06-21,Dpb,-31.059791960266004
88,NA,2020-04-22,Cpt,24.75359918505857
52,TRUE,2020-01-29,Vyn,-53.55581071393259
94,FALSE,2020-05-10,Kic,25.517052774313697
55,TRUE,2020-06-11,Vtl,2.183374297181563
38,FALSE,2020-06-03,Pss,25.17541309267494
94,TRUE,2020-03-11,Fjw,18.99238590855336
49,FALSE,2020-05-08,Ebj,-0.017836175312360703
73,TRUE,2020-04-16,Fvn,-22.784484826368114
37,FALSE,2020-04-05,Hwu,-23.039317155044078
23,NA,2020-02-19,Afj,-29.70733557964365
79,TRUE,2020-04-09,Ghl,-81.65559624521326
59,FALSE,2020-04-29,Ayk,-80.02087114421741
50,TRUE,2020-05-01,Xme,84.55784510319077
2,TRUE,2020-03-20,Tsw,0.9352237065670317
45,FALSE,2020-02-27,Yfl,-27.278727356231137
37,NA,2020-05-19,Hcq,-44.225829683044985
70,TRUE,2020-02-08,Qiw,-62.77789306923119
47,TRUE,2020-05-30,Yew,-24.758819287499147
45,TRUE,2020-01-28,Cpr,16.306698997078918
45,TRUE,2020-04-28,Efa,-26.676291731391633
91,NA,2020-03-18,Rls,104.13272337918926
3,FALSE,2020-03-03,Aku,-5.956258711795973
95,FALSE,2020-03-23,Fsk,-48.83237227011202
49,FALSE,2020-06-20,Tlx,50.28596180624907
77,TRUE,2020-03-04,Cjg,-39.36361997929516
22,FALSE,2020-03-03,Kef,33.48957045259187
64,TRUE,2020-01-13,Tah,46.748986683169285
5,TRUE,2020-02-01,Jnj,3.8920227532911325
38,FALSE,2020-05-16,Vzt,-117.66567099837954
94,FALSE,2020-02-05,Wku,-2.9777704126585736
16,FALSE,2020-06-15,Nmy,-5.696672189659194
31,NA,2020-05-16,Xty,-0.24486494050226
30,FALSE,2020-04-19,Jfg,-7.068183729558037
16,TRUE,2020-03-20,Qux,-15.850791808131307
81,FALSE,2020-06-05,Rli,117.5356153054058
59,TRUE,2020-01-18,Eco,48.13349690961497
54,FALSE,2020-04-07,Sof,57.92558080246855
38,FALSE,2020-02-08,Vjk,-25.296706911965735
83,NA,2020-04-02,Gzr,-15.503335387603759
66,NA,2020-05-27,Qyn,87.64870768426516
79,FALSE,2020-06-20,Cer,-41.55071552948067
82,TRUE,2020-05-12,Ocg,-68.64437011581246
92,FALSE,2020-02-05,Bns,63.540893915684094
91,TRUE,2020-03-08,Upu,66.85656075993096
32,FALSE,2020-03-17,Yiz,36.567792702768585
32,FALSE,2020-02-01,Vzx,-10.212807088269667
66,NA,2020-01-28,Abm,-86.11831018710564
16,TRUE,2020-06-17,Yxc,10.871249389001154
89,TRUE,2020-06-29,Tmu,19.20185531787533
33,FALSE,2020-06-04,Ycj,-12.303959622851965
33,TRUE,2020-01-02,Ion,-15.488601434985606
92,FALSE,2020-03-27,Tio,-81.14736072748534
59,FALSE,2020-05-02,Fzy,59.21393551344722
4,FALSE,2020-04-10,Fpg,3.1781123364260035
18,NA,2020-02-19,Bko,-9.82899315621426
86,TRUE,2020-04-24,Qkj,239.48121343574897
19,FALSE,2020-05-09,Asl,19.54866086574114
31,FALSE,2020-01-02,Kio,58.653969957528474
44,NA,2020-01-06,Opx,0.050400724287604455
84,FALSE,2020-01-19,Mql,-22.729863512190786
74,NA,2020-02-10,Nnu,-30.862927326318733
25,TRUE,2020-04-14,Tqo,12.444636467513348
41,FALSE,2020-06-01,Fjk,84.88399096499246
90,FALSE,2020-05-04,Jzn,57.962148758394925
72,FALSE,2020-03-11,Hmh,-86.7314641177291
43,TRUE,2020-02-06,Ree,-67.19682828829815
56,FALSE,2020-04-26,Xrc,18.531697435647594
28,TRUE,2020-01-03,Uyv,9.363306879037632
41,NA,2020-04-13,Fhv,69.10218750280586
42,FALSE,2020-06-25,Nyt,-1.5105738710374024
59,TRUE,2020-04-22,Qhw,-42.33079280522066
87,TRUE,2020-02-12,Fcf,2.4870635637159673
97,FALSE,2020-06-07,Vni,60.43966001684622
8,NA,2020-04-18,Bli,1.1995652795618075
57,FALSE,2020-04-08,Mzc,-61.50378791865009
86,TRUE,2020-04-26,Ulp,-15.285322289874896
76,FALSE,2020-04-15,Kna,-22.196881705834095
1,TRUE,2020-03-29,Ohz,-0.36042929477756097
92,TRUE,2020-01-10,Tpr,-34.09840453743085
67,FALSE,2020-01-22,Ygf,-59.091628277987105
71,TRUE,2020-05-14,Lbc,45.43915049382884
82,TRUE,2020-01-27,Vmo,-12.827549201869846
56,TRUE,2020-01-26,Wmh,-14.925894764933737
24,TRUE,2020-04-30,Qvw,18.52149985054595
17,FALSE,2020-03-13,Kxs,-9.603779091521503
89,TRUE,2020-04-10,Vsm,-85.85736651732108
72,TRUE,2020-06-04,Qfq,-49.8456429446481
75,FALSE,2020-03-26,Vbz,-76.32100860022325
52,FALSE,2020-01-24,Bsr,11.994315897044546
38,TRUE,2020-06-15,Ftd,-4.631978641267381
55,TRUE,2020-06-30,Cph,-4.876307886235817
66,TRUE,2020-04-30,Dhl,53.58237505504392
76,FALSE,2020-01-29,Lhv,52.8997501523198
38,FALSE,2020-04-04,Eaa,-43.440899140257194
90,FALSE,2020-02-18,Yer,107.92815159300609
71,TRUE,2020-03-16,Hzh,5.584039066416166
59,FALSE,2020-06-16,Inp,14.906648767889745
67,FALSE,2020-05-15,Kec,101.66299550954606
75,TRUE,2020-02-24,Fdi,-108.7139041565614
50,NA,2020-06-02,Bbz,-0.745848447615717
50,FALSE,2020-03-06,Onz,65.75849527516375
57,TRUE,2020-03-27,Vvg,98.76641978033972
89,NA,2020-04-09,Vhh,9.808103087938655
99,FALSE,2020-01-06,Exd,117.08133363750115
53,TRUE,2020-06-30,Wfh,41.21465425028758
67,TRUE,2020-02-24,Wyq,18.79466726948291
48,TRUE,2020-03-23,Yxl,-62.322228395595204
8,NA,2020-06-18,Ojc,-5.472440120879313
97,TRUE,2020-03-26,Icu,-4.984663558926809
60,FALSE,2020-02-24,Gkc,18.13973323367031
42,FALSE,2020-02-17,Hog,9.059425896746305
84,FALSE,2020-05-09,Ace,56.56515930108688
74,TRUE,2020-04-26,Maq,67.01572351037039
88,FALSE,2020-03-31,Gsn,-151.845672472884
16,TRUE,2020-05-04,Srm,-4.018665893354256
23,FALSE,2020-05-13,Bxm,9.09639495357696
82,FALSE,2020-06-10,Yxc,-50.00964964516069
61,TRUE,2020-06-15,Vgf,82.73136988493536
3,TRUE,2020-03-14,Xdn,0.4060250690292081
22,TRUE,2020-04-09,Gfh,6.275833627431997
11,TRUE,2020-02-12,Msv,-10.354227671815957
72,FALSE,2020-02-08,Flt,-9.304265899485197
31,TRUE,2020-02-15,Wlv,-1.4216048925819618
83,FALSE,2020-02-10,Lbc,1.212464464717705
4,NA,2020-05-12,Kpj,-2.046016507500232
77,TRUE,2020-03-17,Vqu,124.61283740276144
43,TRUE,2020-06-27,Njo,0.6300657295997906
14,TRUE,2020-01-20,Xku,4.228458492102828
12,FALSE,2020-01-02,Svl,-6.90004645397019
73,TRUE,2020-05-20,Vop,91.5764135869652
90,TRUE,2020-05-21,Akh,7.76610778154516
48,FALSE,2020-02-14,Vzd,23.204618276594438
55,FALSE,2020-05-18,Zwc,-28.49754491963021
14,FALSE,2020-03-03,Kkg,-7.056555242825412
31,FALSE,2020-05-01,Stg,-3.38791902968143
24,FALSE,2020-01-05,Hqu,-3.4287196377303095
75,FALSE,2020-02-18,Lmp,-143.20220417613277
91,TRUE,2020-04-12,Lyl,-33.8782861603583
72,TRUE,2020-01-11,Ztp,-30.433230371470195
65,NA,2020-04-17,Awy,-55.56004130051569
31,TRUE,2020-05-09,Lot,-31.39711569311244
49,TRUE,2020-03-28,Zdu,31.72483455767048
98,FALSE,2020-06-16,Kai,100.40342236792281
10,NA,2020-02-29,Nhn,-22.778236946608512
40,FALSE,2020-06-08,Hir,-8.778150888423136
2,FALSE,2020-05-17,Mdp,-2.2785476151615898
55,TRUE,2020-04-27,Prw,-9.94135818660594
86,FALSE,2020-02-23,Xhp,87.3328661520935
9,NA,2020-03-09,Fzr,-0.2036804613165874
76,TRUE,2020-03-08,Nez,-55.50596305255462
26,TRUE,2020-03-13,Zcw,40.73964411593976
58,FALSE,2020-05-19,Gny,41.925902361286774
24,TRUE,2020-04-26,Pyh,-5.252542389704769
18,NA,2020-01-19,Xxq,-2.602323291555875
63,TRUE,2020-01-07,Faq,8.18188929516686
2,FALSE,2020-02-13,Haj,1.4549059127988884
98,TRUE,2020-06-02,Mab,63.353035690199455
85,FALSE,2020-05-19,Rfy,-2.1347991893692937
82,FALSE,2020-05-07,Vyo,89.0981219270749
77,FALSE,2020-01-07,Uhf,3.7193144826637528
97,NA,2020-05-19,Mqg,133.36486926888207
73,TRUE,2020-03-08,Vjs,64.22644231295996
44,NA,2020-06-04,Gbi,-96.07836676702118
11,FALSE,2020-02-13,Sxo,-3.6950667394968693
36,TRUE,2020-02-22,Ngh,-14.868312206855242
56,FALSE,2020-01-27,Gyq,-25.58211911906394
31,FALSE,2020-05-01,Buj,-14.080966027166479
6,FALSE,2020-02-28,Xqb,-5.767028077659514
3,FALSE,2020-06-07,Ugr,2.682315593459254
70,TRUE,2020-04-15,Fby,-55.41261463028155
54,FALSE,2020-01-02,Mdf,-92.15745743561237
23,FALSE,2020-04-21,Tve,-14.369472930218185
96,FALSE,2020-04-01,Loa,-52.80925408910271
32,TRUE,2020-02-18,Wie,-65.01218276794823
84,NA,2020-05-08,Wel,7.813436724459357
51,TRUE,2020-06-03,Ktd,-56.65500433767645
44,FALSE,2020-02-07,Ooo,-65.03649695973752
28,FALSE,2020-01-23,Xsy,-52.43704031765879
7,TRUE,2020-05-09,Yjg,5.0557893576862245
22,FALSE,2020-06-27,Ntg,0.6549444850308698
50,NA,2020-02-20,Nno,-43.37387809356289
77,NA,2020-03-25,Sal,88.88271379735204
71,FALSE,2020-06-01,Mhl,35.2653271795795
91,TRUE,2020-05-31,Cmh,134.70248693918705
21,FALSE,2020-04-20,Nky,-35.698277657271404
39,NA,2020-03-17,Omy,-17.61940137018081
52,FALSE,2020-03-21,Qwd,-86.94786515609191
41,FALSE,2020-01-05,Dgt,-52.812739108301734
93,NA,2020-05-23,Jpb,7.301597209195755
26,TRUE,2020-03-09,Ehx,-9.217852201545938
22,NA,2020-06-25,Dyi,3.8954960790497006
15,FALSE,2020-06-05,Mfw,-2.6669362314727834
56,FALSE,2020-06-07,Vxw,193.62639464617354
80,FALSE,2020-03-30,Xdm,-145.77025995762472
92,NA,2020-01-05,Nwu,-57.2479432589794
95,NA,2020-03-29,Ajw,99.18730309168959
54,NA,2020-05-31,Bll,-31.415858821601528
78,FALSE,2020-05-01,Rec,69.89900805400923
14,TRUE,2020-03-23,Wpa,11.996746635538129
43,FALSE,2020-05-27,Opl,21.459306446203723
72,FALSE,2020-05-13,Dyh,-39.64802690035613
24,FALSE,2020-03-18,Vdc,-25.453500685167743
73,FALSE,2020-05-09,Rim,-37.17148650191223
52,TRUE,2020-02-23,Enn,56.277841547584494
48,FALSE,2020-06-02,Xtm,50.54812832785916
14,TRUE,2020-02-27,Mfc,15.349820649097868
93,FALSE,2020-04-15,Jit,-21.92615955177255
67,FALSE,2020-03-06,Tav,3.7997035458391166
37,FALSE,2020-04-21,Dbj,-21.44499840575435
65,NA,2020-04-06,Jsy,-115.76360248913382
68,FALSE,2020-05-22,Xkp,-87.58332390021778
49,FALSE,2020-06-20,Ucu,3.760856904304369
46,FALSE,2020-04-10,Zsd,-70.46633311610077
18,TRUE,2020-05-29,Oek,-4.373476746244443
93,TRUE,2020-02-27,Slr,-50.09314182374788
77,FALSE,2020-02-24,Qlj,53.344404892939444
43,FALSE,2020-01-13,Nls,37.31427410245839
26,FALSE,2020-02-11,Fvs,-39.018471431709514
26,TRUE,2020-02-03,Esu,6.987284630054777
33,NA,2020-06-04,Vuq,-12.963830454876192
80,NA,2020-01-20,Gxp,-60.22960281276262
34,TRUE,2020-04-05,Rjh,21.050066526791284
34,NA,2020-02-07,Erw,65.24702948613765
7,TRUE,2020-01-09,Jza,7.539103044081453
17,FALSE,2020-05-11,Hrn,4.276685299339002
23,TRUE,2020-05-29,Dby,8.733911853648596
28,TRUE,2020-05-23,Xqo,-50.42001641924365
52,FALSE,2020-03-22,Hoj,31.1302912317002
61,NA,2020-01-14,Tpj,3.14315837561583
15,TRUE,2020-03-02,Glc,8.080395285430736
28,FALSE,2020-05-31,Roi,-0.06195389115533544
59,FALSE,2020-04-03,Zvi,-46.430140492744634
35,TRUE,2020-01-04,Vsq,62.013650263959825
57,TRUE,2020-06-12,Pwg,-52.70023820895403
60,NA,2020-05-07,Lte,85.23810400292112
16,FALSE,2020-01-22,Hdy,25.44821625977183
74,TRUE,2020-02-25,Cgq,127.98733848781191
91,TRUE,2020-05-03,Soy,-96.38941241581318
73,FALSE,2020-05-27,Sqk,20.846297907924345
57,FALSE,2020-01-16,Vjx,1.0247584909552017
69,FALSE,2020-04-23,But,-128.81287203992514
78,TRUE,2020-02-12,Gkl,14.275767978999829
62,TRUE,2020-01-22,Epf,43.98922974090394
50,TRUE,2020-06-09,Old,31.349432336843027
67,TRUE,2020-04-07,Ccq,18.759910724500322
64,TRUE,2020-06-22,Rjj,1.4774464523425854
10,TRUE,2020-03-14,Ubc,14.924496776826206
18,FALSE,2020-06-19,Yyx,3.735493778896335
88,TRUE,2020-06-25,Rcj,110.48925745168569
68,FALSE,2020-03-19,Zvn,-85.53533209271392
2,NA,2020-05-01,Xqt,-1.141463386721023
83,TRUE,2020-06-10,Loi,207.36637056693388
52,TRUE,2020-05-09,Lwj,53.862638645892545
9,FALSE,2020-05-13,Rca,13.600392073960808
71,TRUE,2020-02-02,Iqc,-36.138901174824966
57,TRUE,2020-04-28,Igf,76.90027847590648
86,FALSE,2020-04-18,Kab,143.98301752006873
58,TRUE,2020-01-11,Kau,-82.68135810570071
76,FALSE,2020-03-05,Imy,40.612604326218076
68,NA,2020-03-11,Eke,-79.43525335291824
1,FALSE,2020-03-27,Ynb,0.33586806584651135
12,NA,2020-03-28,Ewf,0.1047589362879502
64,TRUE,2020-06-10,Bkc,-54.007172857551005
3,NA,2020-04-22,Ryo,-2.5777466407287255
91,FALSE,2020-05-08,Otv,16.852945041985347
53,FALSE,2020-06-18,Aqq,8.264964398028017
3,TRUE,2020-01-11,Ajr,-1.8455544813160683
71,FALSE,2020-04-08,Txf,-26.79981350105181
61,FALSE,2020-04-21,Vii,-29.289427167406103
68,FALSE,2020-04-17,Ryw,95.6731012256388
25,TRUE,2020-01-04,Xvu,21.404063184925327
44,FALSE,2020-06-14,Xlo,51.21941804079111
18,FALSE,2020-04-18,Eaa,-13.434478252105059
39,FALSE,2020-05-28,Iuw,-6.238353386200785
61,NA,2020-04-13,Rnf,100.25829616635485
13,TRUE,2020-04-28,Zwi,4.231716170793527
34,FALSE,2020-02-10,Uix,2.259968059417103
6,TRUE,2020-04-09,Lju,-2.1806995576793198
9,FALSE,2020-06-08,Etg,12.501024112734457
21,TRUE,2020-03-12,Zag,-28.877052084000937
69,FALSE,2020-04-26,Nsg,-136.97468021731456
46,FALSE,2020-06-18,Nnl,20.087562243030955
21,FALSE,2020-01-31,Baz,-3.7283901112800635
46,TRUE,2020-01-13,Ltt,-7.053038560936326
35,FALSE,2020-02-29,Eyi,-17.360713833871745
65,FALSE,2020-02-19,Auh,3.038312151791441
28,TRUE,2020-02-18,Tko,-17.177044402089738
10,TRUE,2020-03-26,Cys,9.553645033803985
68,NA,2020-04-13,Auk,50.673318117062706
54,NA,2020-02-26,Swk,-67.88722762405587
96,FALSE,2020-03-05,Tgx,-41.20606602594065
72,FALSE,2020-02-07,Tvr,-37.86951925986901
63,FALSE,2020-04-20,Yfs,-25.648127436382815
39,TRUE,2020-02-14,Tjh,-15.983455147740004
27,FALSE,2020-02-12,Ywv,37.65473159989605
20,FALSE,2020-01-23,Ssr,-12.053063097736306
2,NA,2020-04-11,Ihd,1.5163969448378054
38,FALSE,2020-03-27,Vwq,5.8729860499422575
26,FALSE,2020-05-17,Gna,27.794582658544662
70,TRUE,2020-02-07,Cnv,156.84269521822117
68,FALSE,2020-05-05,Bpn,11.305854694771954
18,NA,2020-02-14,Icg,7.971691483367363
47,FALSE,2020-02-01,Kcq,-0.5225861641875638
49,FALSE,2020-04-18,Uav,-18.77846226952689
58,TRUE,2020-04-10,Imv,-17.281248916546936
26,TRUE,2020-02-20,Cdg,-41.263760892902496
4,FALSE,2020-01-24,Pzg,-0.3401121279385308
99,TRUE,2020-02-23,Eeh,70.33305095536625
12,FALSE,2020-03-21,Sgp,9.06846844950789
24,FALSE,2020-04-22,Yas,-56.966332452446395
78,FALSE,2020-01-12,Xct,114.97689079002559
59,NA,2020-06-10,Adz,-24.844779524056033
65,FALSE,2020-04-07,Jjs,-70.7801374294164
28,NA,2020-06-27,Ltf,11.385425313010312
49,FALSE,2020-04-05,Tgw,20.495838055169635
51,TRUE,2020-05-19,Lzs,-5.065980233577435
11,TRUE,2020-04-28,Ukd,-19.73450199204377
53,TRUE,2020-04-18,Jvf,-25.125701826344056
49,NA,2020-01-22,Jmg,-75.48369900880277
89,FALSE,2020-03-28,Phz,82.0388983880502
67,TRUE,2020-01-21,Lne,66.20188883717955
97,NA,2020-03-20,Ega,-10.919222481606619
28,FALSE,2020-06-24,Bye,20.275957352375546
51,FALSE,2020-04-09,Zaf,-4.382617695713779
74,TRUE,2020-05-24,Blr,-32.35928779426201
79,NA,2020-01-05,Lru,151.77405770384948
13,FALSE,2020-01-04,Xci,-4.531822452614294
48,TRUE,2020-01-01,Emh,30.86157452302735
96,TRUE,2020-05-14,Tne,-13.247635338482848
89,FALSE,2020-01-29,Rhh,150.31276030524006
64,FALSE,2020-05-15,Xhr,60.28659375830751
58,TRUE,2020-02-21,Dif,58.97014722428576
48,TRUE,2020-01-31,Qwu,-101.3561022840703
7,TRUE,2020-04-06,Cuo,-6.9586787754936985
73,NA,2020-03-26,Kif,162.89319277246776
85,NA,2020-04-03,Vmy,-56.348231210626906
91,TRUE,2020-05-15,Tbg,81.10756987200939
58,TRUE,2020-02-09,Qpa,-19.702850217379414
32,FALSE,2020-05-19,Pga,-50.74953790736796
27,FALSE,2020-01-29,Qmt,28.39773233212119
30,FALSE,2020-01-21,Jws,36.46975435320933
9,NA,2020-06-16,Omk,-9.172382908354018
99,FALSE,2020-05-19,Ian,-93.00959221402542
83,TRUE,2020-02-04,Xji,-104.162499059781
65,TRUE,2020-02-29,Bjz,-27.475970045298236
97,NA,2020-01-07,Wff,69.82249466886888
55,FALSE,2020-06-19,Jcj,74.9675210230372
35,TRUE,2020-06-26,Bbq,28.296871418017428
54,FALSE,2020-01-14,Tqw,-96.61452560088145
62,FALSE,2020-06-19,Mtu,6.190112880884738
37,NA,2020-01-10,Qhc,-23.769152371872764
76,TRUE,2020-04-29,Ogf,56.004653004665734
76,FALSE,2020-06-26,Tmf,26.765844195242536
11,TRUE,2020-04-26,Osd,-3.2715251477397693
44,FALSE,2020-05-15,Szw,-48.73736705655064
45,FALSE,2020-01-21,Fvh,7.6979033548144304
35,TRUE,2020-06-19,Qjz,29.86204131429416
42,NA,2020-05-09,Nwr,-53.779500364192316
97,FALSE,2020-01-02,Cry,-81.95559478536197
74,NA,2020-03-26,Otw,60.90519881373987
34,FALSE,2020-02-28,Tzq,-24.47654722707195
50,FALSE,2020-02-21,Fuv,8.041469605459993
22,FALSE,2020-03-10,Nyl,15.027591362572597
77,NA,2020-05-18,Udj,8.781053599434447
91,TRUE,2020-04-25,Lso,94.94988281101166
2,TRUE,2020-04-05,Ogs,1.6237624493616005
83,NA,2020-02-08,Pib,99.34045372965254
75,FALSE,2020-01-14,Oea,-43.916859956028354
46,FALSE,2020-01-02,Jms,-48.69315103011076
75,FALSE,2020-06-15,Oxw,120.25072412360778
5,FALSE,2020-04-21,Ulr,8.246847993534503
43,FALSE,2020-01-08,Dec,-42.178595525680606
92,FALSE,2020-03-27,Zsz,-83.38785160465959
26,TRUE,2020-02-21,Als,13.94015721975545
61,FALSE,2020-05-10,Bji,-24.714458721125023
19,FALSE,2020-05-21,Ecy,-17.875676835570356
12,FALSE,2020-02-11,Bbp,-15.949010976399666
91,TRUE,2020-06-23,Aba,70.92663361042213
31,TRUE,2020-05-28,Esq,-50.57135792546278
63,TRUE,2020-02-10,Mqp,29.95667398311494
84,TRUE,2020-06-15,Kqr,42.47534272255403
33,FALSE,2020-03-18,Lyk,-30.48843159408107
65,FALSE,2020-01-28,Yjb,-11.608931510925396
41,FALSE,2020-05-19,Wop,-48.22978241235566
16,TRUE,2020-01-16,Zea,27.15952393060753
34,TRUE,2020-01-20,Svm,-7.333631452413102
69,NA,2020-05-28,Vnd,-23.13384361628589
15,TRUE,2020-05-22,Kct,-6.906981126491968
98,TRUE,2020-06-16,Pca,-3.8487753005539647
10,NA,2020-03-23,Qno,15.840324738880128
59,FALSE,2020-04-30,Nnm,1.1356038725282378
89,FALSE,2020-06-13,Dmz,33.26319279369898
17,FALSE,2020-05-18,Eag,8.814984314284526
70,FALSE,2020-06-13,Wrm,-73.16758705634864
47,TRUE,2020-01-10,Zge,-7.632429601323836
99,TRUE,2020-05-14,Efj,-90.44782718375843
63,FALSE,2020-03-26,Gbm,-48.334305111312524
78,NA,2020-03-12,Tct,164.30542272213452
24,FALSE,2020-02-16,Sic,18.752970282601297
10,TRUE,2020-06-13,Ghg,-16.61071209749043
44,FALSE,2020-06-15,Jjv,-16.884280239404788
47,TRUE,2020-02-28,Ynj,43.068181389068926
47,TRUE,2020-05-09,Ibw,23.058739470015265
45,FALSE,2020-02-11,Pgy,-25.82498142313358
85,TRUE,2020-05-07,Egw,60.58193104901931
3,FALSE,2020-02-27,Djw,-5.557297776318953
28,FALSE,2020-01-25,Jcm,33.45564656594029
76,FALSE,2020-03-28,Rvv,159.91020258051685
7,FALSE,2020-04-22,Xeb,-3.6280647298816104
40,TRUE,2020-02-27,Pcp,5.583230867618476
79,FALSE,2020-05-01,Uzv,-52.050185423418775
78,FALSE,2020-06-08,Abd,83.66584446359734
31,NA,2020-06-27,Cfh,31.997690135716283
73,NA,2020-04-12,Gmb,-142.60844035473625
70,FALSE,2020-03-18,Zfs,-15.151984693775553
28,TRUE,2020-04-24,Mxe,-26.357691868380044
7,TRUE,2020-04-01,Tdx,-8.6833138716071
46,FALSE,2020-05-02,Cks,12.608090130523719
61,TRUE,2020-06-22,Kzl,-15.927560341619085
92,FALSE,2020-05-08,Nnc,31.700230442178878
45,FALSE,2020-04-16,Lkc,107.82226251551013
22,TRUE,2020-01-08,Pzq,-22.149544385267433
99,TRUE,2020-06-28,Xlx,-42.620619309521125
59,NA,2020-01-14,Ljs,-0.5962448496792517
65,NA,2020-02-16,Rwm,-179.30922977223014
28,FALSE,2020-03-23,Pmc,14.063267292260624
57,FALSE,2020-01-24,Xbl,-34.878462859449215
38,FALSE,2020-01-14,Inf,-54.299192148620406
85,FALSE,2020-05-31,Hlk,-134.61288719625665
41,FALSE,2020-03-01,Zbq,6.525728510468769
37,FALSE,2020-01-19,Ytd,-3.6258340229582493
68,FALSE,2020-04-08,Wkm,6.3414341113797095
15,TRUE,2020-06-16,Zqf,-17.57257093971899
2,TRUE,2020-01-05,Zzf,1.200483810916273
57,FALSE,2020-03-25,Ame,-71.90550178207103
13,FALSE,2020-01-31,Rxr,-20.088984360535765
75,TRUE,2020-05-26,Hav,4.8231991930189135
71,FALSE,2020-03-22,Spn,-113.68099710099034
29,NA,2020-02-29,Hpf,16.422320013469392
50,FALSE,2020-05-21,Ahk,-26.69962485766914
77,TRUE,2020-02-17,Mlk,42.62717200745838
48,NA,2020-05-30,Kyv,62.701913217726194
64,FALSE,2020-02-03,Xni,-49.80768979780698
52,NA,2020-03-22,Svs,-11.337725970117582
12,FALSE,2020-05-22,Zux,-14.796215140433258
3,FALSE,2020-03-20,Kso,-2.562500676967189
84,TRUE,2020-03-29,Obq,113.9078863788026
33,TRUE,2020-03-25,Eym,5.884759875807129
64,NA,2020-06-07,Fcf,64.52511267711792
