"ShowId","Genre","FirstAir"
1,"talk",2012-04-25
2,"news",2012-04-19
3,"talk",2018-06-21
4,"talk",2014-04-23
5,"talk",2010-03-30
6,"action",2016-01-11
7,"cartoon",2018-01-21
8,"reality",2017-05-19
9,"romance",2015-08-26
10,"talk",2014-02-03
11,"romance",2019-11-09
12,"talk",2016-03-20
13,"news",2014-01-24
14,"talk",2011-12-05
15,"romance",2018-07-28
16,"news",2016-03-04
17,"news",2011-10-27
18,"news",2013-01-04
19,"reality",2016-11-30
20,"romance",2019-09-20
21,"talk",2013-04-27
22,"news",2010-09-06
23,"news",2019-06-05
24,"news",2010-03-22
25,"romance",2017-09-19
26,"comedy",2011-09-10
27,"talk",2014-01-26
28,"news",2010-06-13
29,"romance",2014-03-02
30,"horror",2018-08-01
31,"talk",2017-05-03
32,"horror",2011-01-23
33,"horror",2013-11-19
34,"news",2015-12-14
35,"cartoon",2018-08-17
36,"romance",2017-10-14
37,"cartoon",2015-03-17
38,"horror",2010-04-21
39,"news",2019-01-07
40,"action",2014-09-15
41,"reality",2015-07-09
42,"action",2014-01-10
43,"news",2017-01-08
44,"news",2012-01-10
45,"cartoon",2013-04-25
46,"talk",2013-05-05
47,"horror",2010-04-08
48,"action",2019-09-24
49,"cartoon",2014-01-04
50,"comedy",2012-01-25
51,"reality",2019-08-25
52,"horror",2012-05-04
53,"action",2018-08-20
54,"reality",2010-04-09
55,"horror",2016-08-12
56,"cartoon",2010-04-05
57,"talk",2017-02-19
58,"horror",2013-12-23
59,"romance",2015-01-23
60,"comedy",2018-12-19
61,"horror",2015-02-08
62,"cartoon",2017-09-21
63,"news",2012-11-13
64,"horror",2016-11-02
65,"news",2018-02-25
66,"news",2010-11-22
67,"action",2010-12-09
68,"reality",2016-07-25
69,"action",2016-02-14
70,"romance",2018-08-13
71,"action",2011-01-01
72,"news",2017-06-10
73,"horror",2017-08-12
74,"news",2015-07-29
75,"action",2017-12-11
76,"news",2011-10-09
77,"action",2012-02-13
78,"action",2011-10-31
79,"news",2015-08-10
80,"news",2017-02-10
81,"news",2016-01-24
82,"romance",2013-12-30
83,"news",2011-11-04
84,"reality",2018-10-31
85,"news",2018-12-09
86,"comedy",2013-09-23
87,"cartoon",2016-06-21
88,"reality",2017-11-08
89,"horror",2018-10-14
90,"action",2015-11-10
91,"romance",2015-11-25
92,"news",2012-12-09
93,"action",2016-07-12
94,"cartoon",2012-06-29
95,"reality",2015-01-20
96,"romance",2012-02-08
97,"horror",2012-01-08
98,"romance",2019-07-09
99,"cartoon",2015-06-23
100,"talk",2012-07-10
101,"romance",2010-02-16
102,"comedy",2019-10-23
103,"action",2010-09-22
104,"news",2015-10-01
105,"romance",2016-07-23
106,"horror",2012-09-26
107,"cartoon",2011-08-19
108,"comedy",2014-12-12
109,"cartoon",2012-12-25
110,"action",2012-03-12
111,"cartoon",2011-08-05
112,"romance",2014-04-30
113,"comedy",2010-06-26
114,"talk",2015-05-14
115,"action",2013-05-29
116,"horror",2014-05-04
117,"reality",2015-03-22
118,"talk",2015-08-11
119,"comedy",2014-01-27
120,"reality",2010-05-31
121,"news",2014-07-24
122,"action",2016-10-30
123,"horror",2010-12-31
124,"news",2018-04-11
125,"romance",2011-08-25
126,"comedy",2012-12-12
127,"talk",2015-01-19
128,"news",2013-06-16
129,"cartoon",2013-11-11
130,"romance",2012-08-13
131,"comedy",2015-11-25
132,"romance",2011-02-25
133,"reality",2012-08-05
134,"action",2016-01-06
135,"reality",2012-01-13
136,"romance",2017-01-06
137,"romance",2010-10-27
138,"horror",2015-09-17
139,"cartoon",2015-11-15
140,"comedy",2017-01-08
141,"news",2011-10-22
142,"cartoon",2016-06-06
143,"romance",2014-09-13
144,"news",2014-05-03
145,"reality",2015-11-24
146,"news",2012-08-06
147,"cartoon",2019-06-11
148,"reality",2014-07-16
149,"action",2010-09-10
150,"reality",2014-12-04
151,"talk",2015-08-16
152,"news",2015-08-18
153,"cartoon",2019-02-15
154,"comedy",2017-02-09
155,"horror",2018-11-15
156,"action",2013-08-02
157,"cartoon",2018-04-30
158,"cartoon",2010-09-09
159,"cartoon",2014-11-04
160,"action",2015-05-14
161,"action",2011-07-12
162,"horror",2010-04-18
163,"romance",2011-01-15
164,"horror",2011-05-23
165,"horror",2011-09-02
166,"action",2017-11-17
167,"news",2010-11-27
168,"news",2014-07-15
169,"talk",2011-10-26
170,"romance",2011-08-05
171,"romance",2016-04-14
172,"comedy",2012-04-24
173,"horror",2010-06-05
174,"comedy",2019-10-23
175,"reality",2019-04-16
176,"romance",2013-10-16
177,"news",2018-03-14
178,"talk",2014-10-15
179,"horror",2016-05-02
180,"action",2018-12-11
181,"action",2017-02-03
182,"comedy",2015-11-27
183,"horror",2014-10-29
184,"action",2010-01-07
185,"reality",2014-08-12
186,"cartoon",2012-11-21
187,"talk",2011-08-24
188,"reality",2018-06-10
189,"cartoon",2014-03-29
190,"horror",2012-01-18
191,"talk",2019-02-12
192,"news",2019-05-05
193,"reality",2017-08-30
194,"horror",2011-02-22
195,"news",2014-07-19
196,"talk",2013-12-25
197,"action",2016-07-06
198,"news",2012-10-02
199,"comedy",2015-10-16
200,"action",2018-08-09
201,"news",2010-03-10
202,"talk",2016-05-08
203,"cartoon",2014-02-26
204,"horror",2016-06-27
205,"romance",2016-12-14
206,"comedy",2019-08-24
207,"talk",2016-02-07
208,"cartoon",2011-01-28
209,"horror",2018-08-17
210,"romance",2015-03-28
211,"romance",2015-03-24
212,"romance",2016-01-22
213,"action",2011-01-29
214,"action",2016-10-04
215,"cartoon",2018-12-07
216,"romance",2017-04-07
217,"talk",2015-12-13
218,"action",2019-03-18
219,"romance",2018-02-04
220,"horror",2018-09-03
221,"action",2015-10-29
222,"comedy",2010-09-17
223,"comedy",2019-03-31
224,"horror",2012-06-04
225,"comedy",2018-02-19
226,"comedy",2018-02-14
227,"horror",2017-01-08
228,"reality",2015-04-24
229,"cartoon",2012-11-26
230,"comedy",2011-11-28
231,"action",2017-02-09
232,"news",2018-08-07
233,"news",2013-02-07
234,"cartoon",2013-06-19
235,"action",2014-03-25
236,"cartoon",2014-10-26
237,"action",2019-10-01
238,"action",2017-05-28
239,"reality",2013-08-19
240,"action",2010-01-21
241,"horror",2011-01-04
242,"news",2015-02-11
243,"action",2016-03-24
244,"cartoon",2012-04-07
245,"comedy",2010-12-28
246,"cartoon",2018-05-25
247,"comedy",2015-10-19
248,"cartoon",2017-08-03
249,"cartoon",2014-03-09
250,"reality",2017-11-02
251,"cartoon",2017-12-10
252,"horror",2011-10-26
253,"news",2018-03-18
254,"news",2013-12-22
255,"romance",2017-01-01
256,"horror",2011-04-14
257,"romance",2010-04-24
258,"romance",2014-07-29
259,"horror",2014-12-30
260,"news",2011-06-29
261,"reality",2016-06-08
262,"reality",2014-06-06
263,"romance",2014-02-16
264,"talk",2011-06-13
265,"reality",2013-12-18
266,"comedy",2014-06-14
267,"talk",2012-02-01
268,"romance",2010-08-16
269,"action",2010-11-25
270,"reality",2019-02-03
271,"comedy",2011-08-25
272,"talk",2014-10-03
273,"romance",2010-11-30
274,"action",2012-07-11
275,"romance",2019-08-23
276,"talk",2017-11-03
277,"cartoon",2015-12-13
278,"talk",2010-02-03
279,"news",2012-05-20
280,"reality",2017-08-24
281,"talk",2015-03-14
282,"talk",2016-01-24
283,"action",2017-03-14
284,"talk",2010-05-17
285,"reality",2019-11-27
286,"action",2013-04-04
287,"romance",2011-01-21
288,"reality",2011-03-08
289,"talk",2012-09-15
290,"reality",2017-05-15
291,"comedy",2013-06-30
292,"romance",2019-12-10
293,"romance",2017-08-01
294,"romance",2014-01-12
295,"action",2013-03-28
296,"action",2012-11-14
297,"comedy",2019-07-29
298,"romance",2016-09-02
299,"reality",2018-01-07
300,"news",2018-12-25
301,"reality",2013-07-15
302,"talk",2011-08-25
303,"news",2010-05-19
304,"horror",2012-03-06
305,"talk",2017-09-26
306,"romance",2018-04-09
307,"cartoon",2016-11-20
308,"talk",2016-08-26
309,"romance",2018-11-22
310,"comedy",2012-10-11
311,"action",2019-08-26
312,"news",2018-06-29
313,"romance",2019-06-03
314,"talk",2017-03-24
315,"talk",2013-11-13
316,"action",2010-06-06
317,"action",2010-07-24
318,"horror",2017-10-31
319,"talk",2012-12-06
320,"action",2013-01-05
321,"news",2017-09-03
322,"horror",2018-06-18
323,"horror",2019-06-13
324,"cartoon",2019-04-30
325,"cartoon",2011-07-02
326,"talk",2010-06-24
327,"cartoon",2014-03-20
328,"cartoon",2013-05-03
329,"action",2014-11-06
330,"action",2019-05-12
331,"cartoon",2014-05-24
332,"romance",2016-09-06
333,"talk",2014-10-27
334,"romance",2011-11-11
335,"news",2015-12-27
336,"comedy",2018-04-13
337,"news",2018-01-03
338,"comedy",2017-04-30
339,"talk",2016-09-16
340,"cartoon",2011-10-03
341,"comedy",2012-05-15
342,"news",2010-05-22
343,"romance",2015-07-24
344,"romance",2019-10-24
345,"horror",2017-11-01
346,"cartoon",2011-01-05
347,"talk",2018-06-10
348,"news",2010-06-10
349,"news",2013-04-22
350,"comedy",2012-07-30
351,"reality",2012-11-21
352,"reality",2019-05-02
353,"news",2016-09-28
354,"cartoon",2017-01-12
355,"horror",2019-07-14
356,"cartoon",2017-09-28
357,"action",2012-01-24
358,"romance",2013-09-26
359,"reality",2012-06-10
360,"comedy",2017-11-01
361,"news",2017-06-28
362,"reality",2012-10-31
363,"comedy",2011-02-13
364,"reality",2014-08-28
365,"comedy",2017-02-18
366,"cartoon",2017-02-28
367,"talk",2018-01-20
368,"reality",2010-12-26
369,"action",2012-10-04
370,"romance",2014-04-21
371,"talk",2012-07-28
372,"news",2018-03-07
373,"reality",2018-06-08
374,"romance",2011-03-03
375,"cartoon",2010-11-07
376,"action",2011-03-02
377,"romance",2015-05-12
378,"romance",2013-05-29
379,"news",2011-12-06
380,"comedy",2015-02-08
381,"news",2011-12-13
382,"action",2010-02-11
383,"talk",2011-08-05
384,"cartoon",2010-02-28
385,"romance",2011-05-12
386,"talk",2013-03-29
387,"action",2017-05-06
388,"talk",2014-02-09
389,"reality",2015-03-22
390,"cartoon",2011-02-23
391,"comedy",2016-09-07
392,"romance",2019-10-23
393,"horror",2016-11-21
394,"horror",2010-12-07
395,"horror",2016-12-15
396,"horror",2013-07-02
397,"reality",2015-08-18
398,"cartoon",2018-08-28
399,"horror",2016-12-26
400,"romance",2019-05-19
401,"news",2015-10-10
402,"action",2019-10-19
403,"romance",2015-12-20
404,"talk",2018-05-22
405,"comedy",2017-08-31
406,"news",2013-05-06
407,"cartoon",2010-06-29
408,"news",2011-01-02
409,"cartoon",2010-08-04
410,"reality",2019-04-22
411,"horror",2013-07-21
412,"romance",2015-11-28
413,"talk",2019-05-19
414,"action",2016-11-08
415,"news",2013-12-04
416,"romance",2011-04-07
417,"action",2014-10-06
418,"talk",2014-11-08
419,"horror",2012-01-29
420,"cartoon",2017-02-12
421,"horror",2012-07-18
422,"romance",2011-12-18
423,"horror",2011-04-09
424,"reality",2018-01-04
425,"talk",2011-08-30
426,"news",2015-11-06
427,"news",2010-04-24
428,"horror",2013-12-17
429,"romance",2011-08-29
430,"romance",2018-03-29
431,"talk",2019-06-08
432,"action",2011-04-19
433,"reality",2016-05-16
434,"news",2018-03-20
435,"talk",2012-02-10
436,"talk",2014-04-11
437,"horror",2017-12-02
438,"news",2011-12-23
439,"cartoon",2013-02-03
440,"cartoon",2014-05-04
441,"news",2010-10-24
442,"comedy",2017-01-25
443,"romance",2018-08-25
444,"action",2013-09-17
445,"reality",2017-02-19
446,"news",2010-09-24
447,"reality",2016-03-10
448,"romance",2014-07-31
449,"reality",2014-02-08
450,"talk",2017-04-23
451,"news",2015-04-25
452,"news",2014-01-12
453,"talk",2011-05-14
454,"comedy",2011-07-06
455,"news",2018-05-30
456,"reality",2011-07-21
457,"romance",2015-08-30
458,"news",2016-02-20
459,"cartoon",2017-12-01
460,"horror",2016-06-18
461,"action",2012-01-24
462,"news",2012-11-26
463,"news",2010-04-25
464,"reality",2018-05-14
465,"action",2014-10-06
466,"reality",2012-07-28
467,"cartoon",2010-03-25
468,"comedy",2015-10-25
469,"reality",2019-04-12
470,"news",2015-02-19
471,"action",2014-12-15
472,"comedy",2011-03-16
473,"news",2017-11-05
474,"cartoon",2014-01-25
475,"reality",2018-02-21
476,"talk",2011-02-05
477,"romance",2017-11-25
478,"romance",2016-09-30
479,"horror",2017-09-17
480,"comedy",2013-06-22
481,"action",2015-01-07
482,"romance",2015-09-05
483,"horror",2016-09-29
484,"action",2016-07-14
485,"action",2015-12-11
486,"reality",2012-04-02
487,"horror",2017-01-21
488,"romance",2016-06-30
489,"comedy",2018-10-22
490,"action",2012-08-26
491,"horror",2019-05-28
492,"reality",2012-04-25
493,"horror",2011-12-13
494,"reality",2013-12-02
495,"comedy",2015-01-16
496,"reality",2014-05-20
497,"reality",2011-04-20
498,"cartoon",2017-03-26
499,"reality",2016-04-13
500,"romance",2014-03-06
501,"cartoon",2015-08-31
502,"horror",2015-03-19
503,"horror",2013-08-09
504,"talk",2019-01-18
505,"news",2016-06-20
506,"news",2010-11-14
507,"romance",2010-08-17
508,"comedy",2018-04-04
509,"action",2010-09-24
510,"talk",2014-06-21
511,"reality",2012-08-25
512,"horror",2019-11-16
513,"action",2011-10-14
514,"news",2011-10-18
515,"action",2019-03-23
516,"news",2017-02-02
517,"comedy",2012-02-07
518,"cartoon",2010-10-25
519,"comedy",2017-05-29
520,"comedy",2016-05-09
521,"horror",2013-12-04
522,"talk",2018-10-09
523,"horror",2013-07-16
524,"news",2011-12-18
525,"news",2011-05-13
526,"talk",2019-06-22
527,"romance",2012-05-07
528,"action",2013-08-12
529,"talk",2013-06-29
530,"action",2013-03-16
531,"news",2012-11-21
532,"talk",2016-12-06
533,"horror",2015-05-04
534,"reality",2019-12-08
535,"romance",2015-10-21
536,"cartoon",2016-05-06
537,"action",2014-10-18
538,"action",2013-08-06
539,"talk",2018-01-26
540,"news",2015-02-10
541,"cartoon",2016-09-29
542,"cartoon",2014-07-10
543,"action",2010-08-04
544,"comedy",2014-11-12
545,"talk",2016-04-21
546,"comedy",2012-06-30
547,"reality",2014-09-23
548,"romance",2012-07-06
549,"cartoon",2014-03-02
550,"talk",2014-10-26
551,"action",2012-04-23
552,"reality",2010-03-03
553,"cartoon",2016-01-25
554,"romance",2011-10-08
555,"talk",2010-12-09
556,"action",2016-01-02
557,"horror",2014-06-03
558,"action",2018-11-18
559,"talk",2013-06-18
560,"action",2016-07-06
561,"news",2019-10-21
562,"reality",2017-11-12
563,"news",2010-09-15
564,"news",2011-05-28
565,"talk",2017-02-18
566,"talk",2019-08-06
567,"comedy",2013-07-20
568,"reality",2016-12-21
569,"cartoon",2014-08-02
570,"cartoon",2014-10-06
571,"reality",2012-08-10
572,"action",2011-03-28
573,"horror",2013-09-14
574,"reality",2010-02-06
575,"comedy",2019-08-18
576,"action",2016-12-16
577,"talk",2011-10-02
578,"news",2010-04-25
579,"talk",2017-10-10
580,"cartoon",2018-07-30
581,"cartoon",2011-01-28
582,"news",2016-03-30
583,"news",2011-12-02
584,"action",2010-07-27
585,"romance",2014-05-04
586,"news",2017-04-04
587,"horror",2015-10-14
588,"cartoon",2018-11-18
589,"action",2013-11-02
590,"action",2016-10-30
591,"talk",2015-04-20
592,"news",2018-06-28
593,"cartoon",2010-09-29
594,"news",2015-04-05
595,"news",2012-07-30
596,"news",2010-11-28
597,"action",2012-02-07
598,"news",2016-09-21
599,"comedy",2018-01-12
600,"cartoon",2014-10-29
601,"romance",2018-02-22
602,"news",2011-02-13
603,"news",2013-04-30
604,"reality",2015-04-18
605,"horror",2013-11-01
606,"news",2010-10-09
607,"comedy",2018-01-06
608,"reality",2014-04-22
609,"cartoon",2011-07-05
610,"cartoon",2017-08-08
611,"cartoon",2017-04-21
612,"romance",2018-10-10
613,"action",2017-07-26
614,"reality",2011-09-07
615,"cartoon",2013-07-18
616,"cartoon",2014-01-02
617,"cartoon",2015-09-12
618,"romance",2011-09-24
619,"comedy",2016-12-24
620,"action",2012-05-25
621,"horror",2013-02-15
622,"romance",2019-08-31
623,"talk",2017-03-09
624,"cartoon",2011-12-11
625,"news",2012-01-07
626,"cartoon",2017-10-14
627,"news",2014-09-12
628,"cartoon",2012-05-04
629,"reality",2010-01-21
630,"horror",2011-08-20
631,"news",2010-03-10
632,"horror",2016-09-19
633,"horror",2018-03-08
634,"talk",2015-11-23
635,"reality",2018-06-01
636,"talk",2019-07-29
637,"reality",2011-03-19
638,"cartoon",2012-01-24
639,"talk",2012-06-27
640,"talk",2012-08-02
641,"comedy",2013-03-10
642,"action",2013-02-16
643,"comedy",2013-02-27
644,"news",2011-04-06
645,"comedy",2017-05-18
646,"news",2015-06-25
647,"talk",2019-09-19
648,"talk",2017-04-15
649,"talk",2017-01-29
650,"talk",2013-09-01
651,"action",2013-05-04
652,"comedy",2015-06-14
653,"news",2015-07-17
654,"romance",2010-08-10
655,"action",2012-08-04
656,"horror",2012-11-22
657,"cartoon",2015-08-30
658,"comedy",2012-08-23
659,"news",2018-11-20
660,"action",2013-01-13
661,"news",2016-11-19
662,"news",2013-09-28
663,"comedy",2018-02-23
664,"reality",2018-02-12
665,"reality",2014-10-26
666,"romance",2019-04-04
667,"cartoon",2018-04-11
668,"horror",2016-07-19
669,"talk",2016-10-25
670,"cartoon",2016-07-25
671,"news",2011-11-28
672,"reality",2010-03-13
673,"horror",2014-04-10
674,"comedy",2013-12-11
675,"comedy",2012-10-26
676,"talk",2015-04-25
677,"romance",2016-11-23
678,"horror",2017-07-30
679,"reality",2016-07-03
680,"romance",2015-09-05
681,"talk",2011-04-23
682,"comedy",2018-11-17
683,"comedy",2011-02-25
684,"cartoon",2017-11-16
685,"romance",2019-07-12
686,"reality",2013-05-13
687,"romance",2015-08-12
688,"news",2012-02-02
689,"comedy",2011-09-26
690,"horror",2014-02-01
691,"action",2018-08-26
692,"reality",2017-10-05
693,"news",2012-04-27
694,"comedy",2012-06-05
695,"reality",2016-08-05
696,"talk",2014-11-05
697,"romance",2011-12-13
698,"news",2013-01-19
699,"comedy",2017-06-27
700,"news",2019-04-02
701,"comedy",2017-12-11
702,"cartoon",2018-08-15
703,"reality",2015-02-15
704,"cartoon",2018-10-02
705,"reality",2013-11-22
706,"talk",2016-03-23
707,"talk",2017-01-28
708,"cartoon",2018-08-21
709,"cartoon",2012-01-20
710,"reality",2010-06-02
711,"talk",2017-10-18
712,"talk",2011-12-13
713,"romance",2011-08-24
714,"cartoon",2016-12-27
715,"talk",2011-06-09
716,"romance",2018-03-17
717,"news",2014-11-03
718,"horror",2014-12-07
719,"news",2013-04-15
720,"action",2012-07-10
721,"horror",2012-07-14
722,"cartoon",2016-11-13
723,"romance",2018-04-19
724,"romance",2011-12-28
725,"talk",2012-07-28
726,"romance",2011-02-13
727,"talk",2012-02-21
728,"cartoon",2014-08-29
729,"reality",2010-05-08
730,"comedy",2013-06-01
731,"cartoon",2012-01-22
732,"talk",2010-07-07
733,"talk",2010-04-29
734,"talk",2010-03-14
735,"comedy",2017-03-30
736,"comedy",2016-11-26
737,"romance",2018-12-05
738,"comedy",2014-11-14
739,"news",2011-04-29
740,"romance",2012-04-11
741,"news",2016-10-31
742,"talk",2019-02-24
743,"news",2019-08-24
744,"cartoon",2016-01-09
745,"cartoon",2013-09-01
746,"horror",2018-03-18
747,"comedy",2010-03-07
748,"reality",2015-12-06
749,"horror",2016-07-06
750,"comedy",2019-01-25
751,"comedy",2019-08-25
752,"talk",2011-11-13
753,"romance",2019-03-28
754,"horror",2014-09-09
755,"cartoon",2016-09-01
756,"action",2014-05-20
757,"romance",2016-06-26
758,"action",2014-06-19
759,"horror",2013-12-26
760,"comedy",2012-11-27
761,"horror",2017-04-25
762,"reality",2010-06-21
763,"reality",2014-09-16
764,"romance",2019-01-14
765,"cartoon",2013-07-06
766,"news",2010-08-03
767,"cartoon",2013-04-02
768,"news",2015-08-12
769,"reality",2012-07-01
770,"comedy",2011-04-29
771,"reality",2017-04-27
772,"cartoon",2018-05-13
773,"horror",2014-09-10
774,"reality",2013-05-30
775,"news",2015-10-22
776,"talk",2011-04-26
777,"comedy",2010-02-23
778,"reality",2014-07-04
779,"news",2010-01-13
780,"action",2013-12-26
781,"action",2014-12-06
782,"talk",2015-11-07
783,"news",2013-02-09
784,"action",2014-03-24
785,"reality",2010-09-06
786,"action",2017-11-09
787,"news",2014-11-25
788,"cartoon",2011-09-18
789,"action",2012-11-17
790,"action",2015-05-28
791,"reality",2017-10-28
792,"news",2013-10-04
793,"reality",2015-08-15
794,"cartoon",2017-03-14
795,"action",2010-01-31
796,"comedy",2012-10-26
797,"talk",2018-07-10
798,"cartoon",2010-02-24
799,"news",2011-11-08
800,"horror",2012-05-03
801,"reality",2013-02-14
802,"news",2010-08-01
803,"action",2018-02-19
804,"horror",2015-02-05
805,"horror",2015-01-16
806,"reality",2018-08-06
807,"news",2019-09-11
808,"horror",2016-03-21
809,"romance",2019-08-17
810,"romance",2015-09-15
811,"action",2016-01-13
812,"horror",2011-09-01
813,"action",2016-06-08
814,"talk",2013-05-15
815,"romance",2013-07-29
816,"talk",2012-12-10
817,"comedy",2018-03-11
818,"cartoon",2011-04-19
819,"comedy",2012-12-21
820,"action",2012-08-12
821,"action",2018-07-23
822,"comedy",2011-12-17
823,"news",2010-04-17
824,"talk",2016-03-15
825,"horror",2018-07-16
826,"talk",2010-02-15
827,"comedy",2011-01-06
828,"news",2019-05-27
829,"action",2011-08-01
830,"action",2015-12-01
831,"talk",2010-01-09
832,"cartoon",2011-08-30
833,"horror",2019-03-03
834,"horror",2016-03-11
835,"comedy",2010-05-06
836,"comedy",2011-03-15
837,"horror",2018-03-02
838,"romance",2019-07-19
839,"horror",2010-05-04
840,"comedy",2013-11-07
841,"reality",2010-08-16
842,"comedy",2010-07-18
843,"cartoon",2019-02-17
844,"horror",2019-04-16
845,"comedy",2014-06-18
846,"action",2010-11-27
847,"reality",2013-09-26
848,"reality",2016-06-22
849,"news",2012-02-02
850,"cartoon",2011-01-06
851,"talk",2015-01-31
852,"talk",2015-02-10
853,"cartoon",2018-04-28
854,"action",2018-08-17
855,"talk",2016-08-08
856,"cartoon",2012-07-11
857,"comedy",2016-05-20
858,"cartoon",2013-10-12
859,"cartoon",2010-12-25
860,"comedy",2017-06-01
861,"talk",2015-07-21
862,"action",2019-01-23
863,"comedy",2018-06-27
864,"horror",2019-08-01
865,"reality",2012-10-06
866,"cartoon",2014-06-14
867,"news",2010-07-06
868,"action",2017-07-05
869,"comedy",2019-04-07
870,"comedy",2010-10-18
871,"cartoon",2015-06-27
872,"horror",2016-01-18
873,"horror",2016-08-07
874,"talk",2012-10-11
875,"news",2016-09-20
876,"romance",2017-02-10
877,"comedy",2010-04-09
878,"comedy",2015-08-08
879,"reality",2011-09-02
880,"horror",2010-08-02
881,"talk",2017-02-05
882,"news",2015-11-26
883,"romance",2012-08-01
884,"reality",2019-01-04
885,"action",2018-07-04
886,"news",2011-06-12
887,"horror",2011-08-06
888,"comedy",2012-08-30
889,"horror",2015-09-29
890,"horror",2012-11-23
891,"news",2014-08-11
892,"action",2015-09-10
893,"romance",2016-05-15
894,"reality",2012-10-31
895,"comedy",2019-08-05
896,"reality",2013-03-06
897,"cartoon",2014-05-04
898,"reality",2011-08-13
899,"horror",2014-03-20
900,"talk",2015-02-12
901,"news",2011-11-23
902,"news",2016-01-07
903,"reality",2019-06-28
904,"romance",2018-02-15
905,"cartoon",2016-10-27
906,"romance",2011-06-08
907,"talk",2018-02-09
908,"news",2015-02-28
909,"romance",2017-10-29
910,"news",2011-09-08
911,"action",2018-05-16
912,"reality",2015-08-06
913,"cartoon",2016-03-29
914,"action",2018-03-22
915,"action",2018-05-06
916,"horror",2016-08-30
917,"action",2017-04-20
918,"cartoon",2014-05-30
919,"comedy",2018-11-06
920,"romance",2016-12-02
921,"cartoon",2013-12-14
922,"reality",2010-04-08
923,"reality",2016-10-28
924,"talk",2016-05-29
925,"action",2012-05-05
926,"romance",2012-03-10
927,"talk",2012-09-09
928,"cartoon",2011-09-17
929,"cartoon",2014-12-21
930,"reality",2017-05-02
931,"action",2011-05-17
932,"cartoon",2019-01-25
933,"cartoon",2015-11-04
934,"talk",2010-09-19
935,"reality",2010-05-17
936,"romance",2013-09-05
937,"horror",2010-01-29
938,"comedy",2016-12-26
939,"news",2014-06-29
940,"comedy",2010-10-05
941,"news",2018-11-01
942,"news",2018-07-24
943,"action",2013-12-27
944,"romance",2010-11-07
945,"news",2016-09-01
946,"romance",2015-10-24
947,"romance",2018-05-19
948,"romance",2011-06-06
949,"reality",2015-12-18
950,"reality",2015-11-25
951,"comedy",2017-01-03
952,"talk",2015-12-09
953,"talk",2010-02-11
954,"horror",2017-10-28
955,"romance",2019-01-30
956,"cartoon",2019-09-04
957,"action",2014-03-18
958,"comedy",2015-05-26
959,"news",2014-08-01
960,"comedy",2015-07-26
961,"action",2016-09-16
962,"action",2012-06-21
963,"horror",2018-07-26
964,"action",2011-02-18
965,"talk",2018-06-26
966,"horror",2019-01-14
967,"romance",2013-09-27
968,"horror",2010-01-30
969,"news",2017-12-19
970,"comedy",2010-03-10
971,"horror",2012-12-02
972,"action",2010-03-16
973,"horror",2018-11-06
974,"news",2019-05-08
975,"cartoon",2013-08-25
976,"horror",2018-05-15
977,"cartoon",2011-03-29
978,"horror",2017-01-01
979,"romance",2014-08-06
980,"horror",2014-02-27
981,"romance",2016-08-25
982,"comedy",2010-02-25
983,"romance",2012-09-20
984,"romance",2017-06-02
985,"news",2019-10-13
986,"cartoon",2012-11-21
987,"action",2010-08-22
988,"reality",2019-07-03
989,"romance",2017-11-23
990,"action",2011-07-07
991,"romance",2014-08-08
992,"action",2014-07-01
993,"horror",2016-07-13
994,"news",2012-12-24
995,"cartoon",2019-02-06
996,"reality",2018-04-04
997,"comedy",2014-12-15
998,"action",2012-08-17
999,"action",2011-06-22
1000,"reality",2011-06-16
1001,"comedy",2018-06-04
1002,"action",2015-03-15
1003,"horror",2013-09-13
1004,"horror",2014-05-12
1005,"horror",2010-03-25
1006,"romance",2016-09-17
1007,"talk",2010-08-06
1008,"cartoon",2013-06-21
1009,"horror",2019-03-24
1010,"cartoon",2014-07-14
1011,"cartoon",2012-06-07
1012,"horror",2010-04-03
1013,"news",2015-09-10
1014,"horror",2012-09-09
1015,"action",2016-01-02
1016,"cartoon",2010-02-05
1017,"comedy",2013-06-19
1018,"cartoon",2010-07-31
1019,"action",2016-09-14
1020,"comedy",2010-10-19
1021,"action",2019-09-09
1022,"action",2017-11-18
1023,"reality",2012-10-13
1024,"reality",2015-09-04
1025,"reality",2013-02-13
1026,"comedy",2014-11-11
1027,"talk",2018-02-03
1028,"action",2013-06-22
1029,"romance",2015-01-23
1030,"horror",2012-08-26
1031,"romance",2011-12-19
1032,"talk",2015-06-04
1033,"horror",2016-08-31
1034,"cartoon",2015-06-02
1035,"news",2011-06-22
1036,"action",2014-07-06
1037,"romance",2010-04-25
1038,"reality",2019-09-06
1039,"comedy",2012-09-10
1040,"news",2016-03-28
1041,"cartoon",2015-12-11
1042,"cartoon",2017-07-26
1043,"news",2019-12-10
1044,"action",2014-10-08
1045,"reality",2010-05-04
1046,"cartoon",2012-01-30
1047,"action",2019-02-07
1048,"romance",2011-09-13
1049,"action",2012-10-27
1050,"news",2018-01-08
1051,"romance",2013-01-23
1052,"comedy",2019-11-10
1053,"action",2018-03-26
1054,"horror",2015-11-13
1055,"comedy",2018-08-20
1056,"action",2011-04-15
1057,"reality",2017-09-08
1058,"horror",2014-03-05
1059,"cartoon",2015-11-03
1060,"reality",2010-10-31
1061,"news",2016-06-25
1062,"action",2011-08-24
1063,"talk",2018-02-09
1064,"news",2017-04-12
1065,"romance",2019-11-19
1066,"cartoon",2019-11-06
1067,"cartoon",2015-10-13
1068,"action",2012-11-11
1069,"talk",2018-06-15
1070,"comedy",2012-01-24
1071,"cartoon",2013-08-03
1072,"romance",2013-09-03
1073,"action",2012-05-30
1074,"romance",2018-06-08
1075,"horror",2012-10-05
1076,"talk",2018-11-14
1077,"romance",2018-10-06
1078,"action",2012-06-25
1079,"comedy",2010-03-12
1080,"romance",2015-06-19
1081,"romance",2016-12-06
1082,"talk",2011-04-21
1083,"comedy",2011-04-30
1084,"reality",2016-09-04
1085,"reality",2012-11-27
1086,"talk",2012-03-22
1087,"action",2010-06-08
1088,"news",2019-04-26
1089,"cartoon",2018-03-20
1090,"action",2016-08-26
1091,"comedy",2019-02-09
1092,"reality",2013-01-30
1093,"news",2010-10-15
1094,"talk",2018-01-17
1095,"cartoon",2014-05-24
1096,"news",2019-02-15
1097,"comedy",2012-01-21
1098,"action",2012-11-30
1099,"reality",2016-05-24
1100,"romance",2014-04-12
1101,"cartoon",2014-02-03
1102,"action",2013-01-26
1103,"reality",2017-12-05
1104,"action",2011-08-24
1105,"action",2017-08-19
1106,"talk",2012-06-11
1107,"action",2012-01-18
1108,"cartoon",2011-11-06
1109,"reality",2014-02-20
1110,"talk",2012-05-03
1111,"news",2011-03-21
1112,"romance",2010-11-20
1113,"action",2010-07-03
1114,"reality",2015-11-28
1115,"reality",2012-11-11
1116,"talk",2019-02-09
1117,"horror",2011-02-18
1118,"horror",2019-05-03
1119,"romance",2016-01-21
1120,"action",2017-11-24
1121,"reality",2011-08-07
1122,"romance",2015-01-12
1123,"comedy",2013-07-10
1124,"talk",2016-10-25
1125,"comedy",2011-01-31
1126,"talk",2010-02-13
1127,"cartoon",2012-04-27
1128,"comedy",2019-02-08
1129,"news",2010-01-21
1130,"action",2013-03-07
1131,"news",2015-12-06
1132,"news",2017-11-25
1133,"romance",2019-10-09
1134,"comedy",2015-03-22
1135,"comedy",2011-12-13
1136,"horror",2018-01-04
1137,"reality",2014-07-04
1138,"reality",2016-01-13
1139,"news",2012-08-28
1140,"news",2018-06-07
1141,"talk",2018-10-12
1142,"action",2012-02-22
1143,"action",2014-12-28
1144,"action",2013-09-26
1145,"horror",2016-07-24
1146,"news",2011-04-28
1147,"cartoon",2017-12-11
1148,"talk",2019-07-19
1149,"action",2018-06-24
1150,"cartoon",2018-06-12
1151,"action",2019-02-01
1152,"horror",2019-05-26
1153,"romance",2016-06-01
1154,"reality",2013-06-21
1155,"action",2014-11-16
1156,"reality",2019-11-05
1157,"action",2016-04-02
1158,"action",2017-12-07
1159,"horror",2018-12-09
1160,"cartoon",2012-10-10
1161,"reality",2011-04-04
1162,"cartoon",2014-08-08
1163,"romance",2013-06-11
1164,"action",2010-12-29
1165,"romance",2013-04-04
1166,"talk",2016-10-11
1167,"action",2018-02-02
1168,"action",2016-12-23
1169,"romance",2014-08-10
1170,"talk",2016-06-28
1171,"reality",2015-05-08
1172,"talk",2016-07-21
1173,"talk",2012-09-27
1174,"horror",2019-03-27
1175,"action",2018-12-13
1176,"talk",2016-07-21
1177,"reality",2019-07-20
1178,"horror",2014-12-25
1179,"horror",2018-12-31
1180,"comedy",2012-02-20
1181,"horror",2015-02-07
1182,"horror",2012-03-30
1183,"news",2011-07-03
1184,"talk",2010-09-25
1185,"horror",2012-09-10
1186,"cartoon",2010-03-14
1187,"romance",2015-01-21
1188,"horror",2018-05-31
1189,"horror",2016-02-20
1190,"cartoon",2017-11-11
1191,"romance",2010-01-11
1192,"action",2010-05-06
1193,"action",2012-04-30
1194,"action",2011-02-28
1195,"horror",2018-10-01
1196,"talk",2015-03-13
1197,"reality",2014-08-15
1198,"horror",2015-08-20
1199,"romance",2016-10-28
1200,"comedy",2017-01-24
1201,"reality",2012-05-18
1202,"cartoon",2016-01-31
1203,"action",2013-03-20
1204,"talk",2015-01-26
1205,"talk",2010-11-24
1206,"romance",2015-10-24
1207,"cartoon",2014-09-26
1208,"horror",2018-08-23
1209,"reality",2014-01-26
1210,"action",2018-11-11
1211,"talk",2018-08-16
1212,"news",2011-11-02
1213,"romance",2014-12-22
1214,"action",2019-01-17
1215,"romance",2016-08-05
1216,"talk",2018-02-26
1217,"cartoon",2012-03-30
1218,"talk",2017-07-10
1219,"reality",2012-03-08
1220,"comedy",2012-09-16
1221,"talk",2018-12-16
1222,"comedy",2011-10-19
1223,"action",2016-08-09
1224,"talk",2016-02-08
1225,"talk",2016-03-20
1226,"horror",2013-01-05
1227,"action",2018-06-23
1228,"cartoon",2011-12-28
1229,"talk",2019-07-22
1230,"news",2014-02-22
1231,"romance",2013-12-04
1232,"romance",2019-09-19
1233,"cartoon",2013-12-26
1234,"comedy",2016-09-14
1235,"romance",2018-11-22
1236,"cartoon",2013-02-05
1237,"comedy",2011-09-07
1238,"action",2010-06-07
1239,"romance",2013-11-20
1240,"cartoon",2014-08-28
1241,"action",2013-11-03
1242,"news",2016-01-13
1243,"reality",2012-10-28
1244,"romance",2015-01-14
1245,"cartoon",2017-12-27
1246,"talk",2010-11-27
1247,"action",2011-11-06
1248,"reality",2019-02-05
1249,"reality",2015-03-17
1250,"reality",2015-07-12
1251,"romance",2018-05-21
1252,"action",2013-01-24
1253,"romance",2013-11-03
1254,"news",2016-11-22
1255,"talk",2011-08-13
1256,"action",2013-09-25
1257,"action",2017-05-04
1258,"comedy",2011-04-08
1259,"comedy",2012-07-28
1260,"news",2010-12-12
1261,"action",2016-12-21
1262,"horror",2017-03-30
1263,"news",2011-03-23
1264,"comedy",2015-12-09
1265,"cartoon",2010-05-14
1266,"cartoon",2010-03-31
1267,"action",2013-11-10
1268,"news",2014-06-26
1269,"comedy",2017-09-27
1270,"horror",2010-05-05
1271,"cartoon",2019-05-05
1272,"reality",2013-06-07
1273,"romance",2015-02-25
1274,"talk",2017-09-23
1275,"romance",2016-09-12
1276,"cartoon",2019-01-11
1277,"news",2010-06-22
1278,"comedy",2015-01-14
1279,"action",2015-10-12
1280,"romance",2012-06-17
1281,"cartoon",2018-07-21
1282,"horror",2018-12-26
1283,"cartoon",2016-02-23
1284,"news",2010-07-10
1285,"horror",2010-11-22
1286,"horror",2015-08-01
1287,"comedy",2013-04-04
1288,"news",2011-03-16
1289,"horror",2019-02-20
1290,"cartoon",2015-03-24
1291,"news",2017-11-16
1292,"cartoon",2018-09-26
1293,"news",2018-05-25
1294,"reality",2010-07-26
1295,"action",2011-02-21
1296,"talk",2012-04-06
1297,"comedy",2019-05-14
1298,"action",2018-06-17
1299,"romance",2016-11-22
1300,"comedy",2019-02-05
1301,"reality",2015-11-25
1302,"cartoon",2010-11-06
1303,"news",2011-12-20
1304,"talk",2012-01-07
1305,"comedy",2012-03-18
1306,"reality",2013-04-07
1307,"action",2010-07-08
1308,"comedy",2010-09-12
1309,"cartoon",2018-08-17
1310,"comedy",2013-11-23
1311,"cartoon",2013-12-06
1312,"action",2013-09-28
1313,"reality",2018-10-24
1314,"horror",2014-04-25
1315,"cartoon",2011-02-01
1316,"talk",2012-11-08
1317,"horror",2010-01-23
1318,"romance",2013-09-04
1319,"cartoon",2015-01-28
1320,"action",2018-02-23
1321,"horror",2012-12-07
1322,"horror",2012-03-18
1323,"news",2015-04-29
1324,"horror",2010-07-04
1325,"talk",2019-03-08
1326,"reality",2014-04-06
1327,"reality",2014-08-24
1328,"cartoon",2011-06-03
1329,"comedy",2012-07-16
1330,"news",2015-05-18
1331,"cartoon",2018-05-27
1332,"romance",2013-03-21
1333,"action",2015-06-04
1334,"comedy",2012-12-03
1335,"news",2017-02-13
1336,"news",2016-07-05
1337,"romance",2011-06-24
1338,"cartoon",2017-05-03
1339,"comedy",2013-07-11
1340,"reality",2010-01-02
1341,"action",2016-03-14
1342,"comedy",2013-09-06
1343,"talk",2011-03-26
1344,"romance",2017-05-24
1345,"cartoon",2018-04-15
1346,"action",2015-08-19
1347,"cartoon",2010-05-10
1348,"news",2017-08-30
1349,"news",2017-11-07
1350,"action",2013-06-01
1351,"romance",2010-10-02
1352,"comedy",2010-07-27
1353,"reality",2010-10-26
1354,"horror",2017-02-04
1355,"action",2013-04-22
1356,"talk",2012-07-16
1357,"action",2011-03-17
1358,"romance",2011-11-03
1359,"talk",2011-07-22
1360,"reality",2016-01-03
1361,"action",2015-09-26
1362,"news",2011-10-13
1363,"horror",2012-08-27
1364,"cartoon",2012-12-12
1365,"horror",2017-06-26
1366,"comedy",2016-02-16
1367,"reality",2019-11-23
1368,"reality",2015-10-21
1369,"talk",2018-09-18
1370,"cartoon",2018-05-15
1371,"news",2017-11-04
1372,"talk",2012-02-16
1373,"reality",2013-07-14
1374,"news",2013-06-07
1375,"news",2013-10-09
1376,"horror",2014-06-29
1377,"comedy",2015-05-20
1378,"reality",2015-10-19
1379,"horror",2010-08-29
1380,"action",2012-07-07
1381,"horror",2015-06-22
1382,"horror",2012-05-31
1383,"comedy",2012-12-10
1384,"talk",2019-07-05
1385,"news",2013-11-01
1386,"comedy",2018-08-04
1387,"cartoon",2011-01-10
1388,"talk",2011-11-01
1389,"reality",2016-10-24
1390,"reality",2018-10-16
1391,"talk",2017-01-03
1392,"reality",2013-12-16
1393,"action",2017-07-25
1394,"comedy",2018-11-15
1395,"reality",2019-03-15
1396,"reality",2019-12-12
1397,"news",2013-04-07
1398,"reality",2012-01-18
1399,"comedy",2013-04-06
1400,"romance",2015-12-16
1401,"news",2014-03-12
1402,"comedy",2016-09-07
1403,"action",2015-11-30
1404,"romance",2014-05-18
1405,"romance",2016-12-20
1406,"action",2010-04-17
1407,"cartoon",2011-08-31
1408,"horror",2010-10-18
1409,"comedy",2011-06-17
1410,"talk",2011-05-01
1411,"cartoon",2010-09-15
1412,"reality",2010-07-18
1413,"action",2019-12-05
1414,"romance",2012-08-25
1415,"reality",2014-09-11
1416,"action",2011-09-18
1417,"cartoon",2011-09-04
1418,"news",2013-06-13
1419,"reality",2016-06-13
1420,"action",2011-07-05
1421,"comedy",2013-07-29
1422,"comedy",2012-06-17
1423,"romance",2014-05-12
1424,"action",2019-09-17
1425,"comedy",2015-09-16
1426,"reality",2018-06-09
1427,"horror",2010-04-27
1428,"comedy",2017-01-08
1429,"horror",2011-05-22
1430,"talk",2017-10-28
1431,"cartoon",2018-04-26
1432,"reality",2016-05-22
1433,"cartoon",2019-10-27
1434,"cartoon",2013-07-08
1435,"cartoon",2019-09-16
1436,"reality",2014-04-13
1437,"action",2015-10-31
1438,"reality",2011-01-11
1439,"action",2014-10-07
1440,"reality",2016-10-03
1441,"talk",2013-12-31
1442,"talk",2016-12-15
1443,"cartoon",2010-01-15
1444,"comedy",2018-11-19
1445,"talk",2014-04-27
1446,"action",2010-11-19
1447,"action",2014-10-28
1448,"action",2011-06-28
1449,"talk",2012-01-09
1450,"reality",2019-08-06
1451,"horror",2018-04-14
1452,"cartoon",2014-04-12
1453,"horror",2019-10-06
1454,"talk",2010-01-04
1455,"comedy",2016-11-14
1456,"action",2015-09-28
1457,"comedy",2013-04-12
1458,"horror",2015-04-14
1459,"horror",2018-08-26
1460,"horror",2018-04-19
1461,"talk",2011-02-06
1462,"talk",2016-11-11
1463,"talk",2010-11-06
1464,"news",2010-02-25
1465,"news",2017-12-18
1466,"news",2012-12-23
1467,"action",2017-08-22
1468,"action",2017-02-24
1469,"horror",2019-08-07
1470,"comedy",2016-12-01
1471,"romance",2014-08-20
1472,"action",2016-10-27
1473,"action",2010-11-17
1474,"talk",2010-05-20
1475,"cartoon",2019-07-09
1476,"comedy",2011-11-27
1477,"news",2015-09-20
1478,"reality",2019-10-09
1479,"cartoon",2017-06-24
1480,"cartoon",2010-01-05
1481,"comedy",2015-02-24
1482,"talk",2010-04-25
1483,"comedy",2012-02-25
1484,"cartoon",2018-03-30
1485,"cartoon",2011-09-11
1486,"comedy",2018-09-07
1487,"romance",2015-10-12
1488,"cartoon",2013-09-10
1489,"romance",2011-02-28
1490,"cartoon",2016-04-25
1491,"news",2017-05-01
1492,"horror",2018-10-13
1493,"talk",2016-05-20
1494,"talk",2015-01-02
1495,"romance",2017-08-20
1496,"romance",2015-06-25
1497,"horror",2019-03-19
1498,"cartoon",2015-12-12
1499,"action",2018-02-05
1500,"reality",2011-06-21
1501,"romance",2014-08-11
1502,"action",2013-02-11
1503,"news",2012-11-14
1504,"horror",2013-03-26
1505,"cartoon",2016-07-16
1506,"horror",2012-11-09
1507,"romance",2010-12-10
1508,"reality",2011-05-22
1509,"reality",2015-11-11
1510,"action",2014-11-30
1511,"news",2018-02-17
1512,"talk",2013-04-21
1513,"action",2016-02-20
1514,"talk",2018-09-10
1515,"horror",2018-08-16
1516,"news",2010-11-29
1517,"talk",2015-02-24
1518,"talk",2010-12-18
1519,"romance",2015-01-21
1520,"news",2016-01-24
1521,"comedy",2011-10-23
1522,"cartoon",2011-01-29
1523,"comedy",2014-03-14
1524,"reality",2017-07-20
1525,"news",2011-02-13
1526,"reality",2011-11-05
1527,"news",2011-10-14
1528,"talk",2012-09-02
1529,"romance",2016-03-27
1530,"reality",2014-06-19
1531,"horror",2010-03-08
1532,"news",2016-09-19
1533,"cartoon",2012-02-21
1534,"talk",2015-02-11
1535,"action",2014-09-26
1536,"talk",2018-09-10
1537,"cartoon",2013-08-08
1538,"comedy",2015-03-07
1539,"romance",2016-08-27
1540,"reality",2012-08-25
1541,"news",2011-02-05
1542,"talk",2014-04-27
1543,"talk",2018-02-13
1544,"comedy",2013-02-09
1545,"talk",2015-06-17
1546,"cartoon",2013-11-07
1547,"comedy",2013-12-17
1548,"reality",2018-08-15
1549,"romance",2017-01-12
1550,"action",2019-09-28
1551,"horror",2018-07-22
1552,"romance",2014-01-17
1553,"reality",2017-05-07
1554,"comedy",2012-12-15
1555,"romance",2013-10-23
1556,"reality",2015-08-24
1557,"comedy",2019-08-27
1558,"cartoon",2018-01-08
1559,"news",2017-12-25
1560,"horror",2019-09-14
1561,"romance",2010-09-03
1562,"news",2010-03-12
1563,"cartoon",2010-10-06
1564,"talk",2012-11-17
1565,"reality",2017-10-10
1566,"cartoon",2013-05-22
1567,"action",2011-11-04
1568,"romance",2014-07-06
1569,"action",2011-12-18
1570,"news",2014-01-23
1571,"cartoon",2016-01-24
1572,"action",2014-01-26
1573,"news",2019-04-08
1574,"action",2016-01-29
1575,"talk",2010-05-24
1576,"horror",2017-04-23
1577,"reality",2014-12-05
1578,"news",2019-01-11
1579,"talk",2011-08-08
1580,"romance",2016-12-25
1581,"comedy",2016-01-04
1582,"comedy",2012-01-24
1583,"cartoon",2017-06-29
1584,"romance",2019-09-17
1585,"action",2015-10-08
1586,"romance",2018-07-13
1587,"news",2010-10-06
1588,"talk",2011-06-15
1589,"romance",2019-07-05
1590,"romance",2019-11-11
1591,"action",2012-10-13
1592,"horror",2010-02-17
1593,"action",2018-11-05
1594,"news",2016-04-20
1595,"talk",2012-11-14
1596,"talk",2016-03-16
1597,"action",2018-06-15
1598,"romance",2014-06-22
1599,"horror",2017-12-08
1600,"action",2019-08-27
1601,"action",2012-05-01
1602,"action",2016-02-18
1603,"talk",2013-04-15
1604,"talk",2014-11-16
1605,"news",2012-10-12
1606,"reality",2011-08-09
1607,"news",2013-09-06
1608,"action",2016-10-12
1609,"reality",2016-05-04
1610,"cartoon",2014-06-01
1611,"horror",2011-10-07
1612,"reality",2016-10-31
1613,"action",2010-12-24
1614,"action",2018-03-04
1615,"cartoon",2019-09-17
1616,"comedy",2017-04-26
1617,"cartoon",2014-08-23
1618,"reality",2019-07-04
1619,"action",2016-08-16
1620,"romance",2017-07-08
1621,"comedy",2013-12-13
1622,"comedy",2010-08-11
1623,"news",2016-04-29
1624,"talk",2017-04-15
1625,"action",2014-03-01
1626,"romance",2010-11-28
1627,"action",2014-02-16
1628,"action",2018-11-21
1629,"comedy",2014-06-25
1630,"comedy",2014-02-13
1631,"reality",2011-03-13
1632,"comedy",2017-02-07
1633,"news",2019-12-08
1634,"comedy",2019-02-20
1635,"horror",2019-09-28
1636,"news",2014-11-21
1637,"reality",2016-08-19
1638,"action",2013-12-29
1639,"horror",2012-10-06
1640,"comedy",2010-08-04
1641,"comedy",2015-08-10
1642,"reality",2012-04-08
1643,"talk",2016-04-22
1644,"horror",2018-02-18
1645,"romance",2011-02-22
1646,"horror",2016-10-29
1647,"horror",2014-02-12
1648,"horror",2011-03-09
1649,"cartoon",2013-01-11
1650,"comedy",2017-08-21
1651,"comedy",2011-08-01
1652,"cartoon",2012-02-07
1653,"reality",2016-10-04
1654,"reality",2011-11-22
1655,"romance",2013-12-04
1656,"reality",2019-05-10
1657,"cartoon",2010-08-01
1658,"horror",2017-11-08
1659,"horror",2010-04-22
1660,"horror",2018-11-04
1661,"cartoon",2012-07-25
1662,"cartoon",2018-01-27
1663,"comedy",2013-10-08
1664,"romance",2013-06-15
1665,"romance",2018-12-13
1666,"cartoon",2018-11-07
1667,"romance",2014-11-18
1668,"romance",2016-07-20
1669,"action",2019-02-04
1670,"reality",2014-12-04
1671,"romance",2015-07-16
1672,"comedy",2017-12-30
1673,"talk",2014-07-05
1674,"news",2016-10-30
1675,"horror",2015-02-14
1676,"news",2019-03-22
1677,"reality",2019-12-02
1678,"romance",2017-02-05
1679,"talk",2010-05-09
1680,"horror",2014-06-13
1681,"comedy",2016-12-18
1682,"cartoon",2014-08-04
1683,"action",2017-10-13
1684,"news",2016-03-23
1685,"comedy",2012-09-26
1686,"comedy",2012-05-14
1687,"cartoon",2013-08-30
1688,"talk",2016-12-14
1689,"news",2016-07-06
1690,"comedy",2011-08-06
1691,"horror",2014-02-04
1692,"comedy",2010-07-30
1693,"cartoon",2017-12-23
1694,"talk",2011-07-22
1695,"news",2014-01-07
1696,"talk",2016-07-15
1697,"action",2011-05-15
1698,"horror",2014-04-23
1699,"comedy",2013-10-12
1700,"comedy",2013-08-01
1701,"romance",2010-09-19
1702,"horror",2010-06-21
1703,"horror",2017-04-06
1704,"news",2019-03-18
1705,"news",2018-01-07
1706,"comedy",2017-07-11
1707,"action",2017-02-11
1708,"cartoon",2016-01-31
1709,"romance",2011-02-15
1710,"talk",2016-02-11
1711,"cartoon",2014-02-25
1712,"horror",2017-02-05
1713,"reality",2011-12-25
1714,"action",2017-09-12
1715,"action",2016-05-15
1716,"news",2012-05-14
1717,"talk",2018-06-21
1718,"action",2018-08-08
1719,"cartoon",2010-06-18
1720,"comedy",2015-09-05
1721,"reality",2018-03-10
1722,"horror",2019-02-16
1723,"romance",2018-08-21
1724,"news",2011-03-13
1725,"news",2019-02-18
1726,"comedy",2019-09-07
1727,"romance",2018-03-30
1728,"talk",2015-04-12
1729,"horror",2017-02-20
1730,"talk",2017-02-18
1731,"cartoon",2018-11-15
1732,"reality",2012-05-24
1733,"news",2011-08-22
1734,"comedy",2017-05-19
1735,"news",2012-02-08
1736,"talk",2014-09-22
1737,"news",2017-10-06
1738,"reality",2019-08-17
1739,"reality",2014-11-17
1740,"cartoon",2014-06-16
1741,"reality",2013-04-13
1742,"comedy",2018-01-24
1743,"talk",2014-02-23
1744,"romance",2012-10-03
1745,"comedy",2011-07-17
1746,"comedy",2013-03-10
1747,"horror",2013-02-27
1748,"comedy",2010-08-08
1749,"romance",2014-12-27
1750,"cartoon",2013-07-08
1751,"talk",2013-04-29
1752,"reality",2010-12-14
1753,"reality",2016-11-13
1754,"news",2012-01-06
1755,"talk",2014-03-01
1756,"reality",2018-03-27
1757,"action",2014-01-17
1758,"reality",2019-07-15
1759,"romance",2012-10-05
1760,"news",2012-03-27
1761,"horror",2015-03-12
1762,"action",2015-04-01
1763,"cartoon",2016-08-16
1764,"comedy",2010-04-21
1765,"comedy",2011-07-06
1766,"comedy",2010-09-29
1767,"comedy",2017-08-21
1768,"talk",2018-03-01
1769,"action",2015-08-29
1770,"cartoon",2010-04-14
1771,"cartoon",2017-07-10
1772,"horror",2015-03-21
1773,"horror",2016-04-20
1774,"news",2013-01-08
1775,"talk",2014-05-28
1776,"talk",2016-10-29
1777,"talk",2013-01-19
1778,"news",2016-03-16
1779,"reality",2011-05-07
1780,"romance",2014-10-04
1781,"talk",2012-12-18
1782,"comedy",2013-03-31
1783,"news",2018-08-25
1784,"comedy",2013-10-15
1785,"horror",2017-09-23
1786,"cartoon",2018-03-18
1787,"comedy",2013-12-18
1788,"cartoon",2016-09-07
1789,"horror",2016-11-13
1790,"horror",2018-10-23
1791,"romance",2014-11-10
1792,"horror",2014-01-29
1793,"comedy",2015-10-07
1794,"reality",2018-05-29
1795,"action",2016-01-23
1796,"talk",2018-10-26
1797,"news",2012-10-06
1798,"action",2013-05-29
1799,"action",2015-05-04
1800,"cartoon",2011-11-13
1801,"romance",2019-10-07
1802,"news",2017-01-08
1803,"news",2015-01-06
1804,"action",2015-08-26
1805,"reality",2010-08-28
1806,"talk",2019-07-19
1807,"talk",2013-01-20
1808,"talk",2011-10-03
1809,"horror",2010-12-01
1810,"news",2017-09-07
1811,"romance",2016-03-22
1812,"comedy",2018-07-05
1813,"reality",2014-04-20
1814,"action",2014-04-27
1815,"romance",2010-12-24
1816,"reality",2013-02-26
1817,"cartoon",2010-08-15
1818,"talk",2019-04-05
1819,"horror",2012-01-30
1820,"reality",2013-03-22
1821,"cartoon",2017-03-31
1822,"talk",2018-06-10
1823,"romance",2010-05-20
1824,"horror",2010-10-31
1825,"cartoon",2015-05-22
1826,"talk",2014-12-22
1827,"news",2011-02-13
1828,"cartoon",2017-09-17
1829,"news",2014-10-23
1830,"news",2013-04-27
1831,"horror",2018-05-12
1832,"reality",2017-05-05
1833,"news",2019-05-17
1834,"romance",2013-11-29
1835,"cartoon",2016-04-07
1836,"comedy",2014-11-10
1837,"news",2015-02-04
1838,"action",2011-07-20
1839,"talk",2019-02-03
1840,"reality",2011-07-18
1841,"cartoon",2015-11-28
1842,"comedy",2010-07-13
1843,"news",2010-01-31
1844,"comedy",2016-12-10
1845,"romance",2018-11-10
1846,"comedy",2017-11-10
1847,"talk",2011-04-13
1848,"action",2010-02-12
1849,"romance",2012-11-23
1850,"talk",2016-06-20
1851,"news",2016-02-04
1852,"comedy",2012-11-13
1853,"news",2017-12-11
1854,"cartoon",2018-04-22
1855,"news",2013-11-17
1856,"talk",2015-05-05
1857,"cartoon",2011-02-10
1858,"talk",2018-11-06
1859,"horror",2018-11-24
1860,"talk",2018-10-27
1861,"news",2010-11-25
1862,"horror",2016-05-30
1863,"cartoon",2015-09-07
1864,"horror",2013-12-24
1865,"comedy",2014-10-17
1866,"cartoon",2018-09-08
1867,"news",2014-01-25
1868,"talk",2017-02-19
1869,"romance",2018-10-05
1870,"news",2014-03-18
1871,"action",2015-02-01
1872,"horror",2016-09-11
1873,"action",2018-11-21
1874,"romance",2018-01-22
1875,"action",2017-03-11
1876,"cartoon",2012-07-28
1877,"reality",2010-03-15
1878,"cartoon",2014-03-10
1879,"horror",2019-11-25
1880,"news",2018-02-10
1881,"reality",2010-03-07
1882,"cartoon",2013-06-19
1883,"reality",2012-04-27
1884,"reality",2011-10-21
1885,"action",2016-06-16
1886,"horror",2019-03-10
1887,"romance",2012-01-07
1888,"reality",2018-03-01
1889,"talk",2019-05-20
1890,"action",2010-05-11
1891,"reality",2019-11-19
1892,"romance",2011-07-01
1893,"news",2014-03-31
1894,"news",2015-08-20
1895,"comedy",2016-01-12
1896,"comedy",2018-06-08
1897,"action",2017-05-13
1898,"action",2014-05-17
1899,"news",2014-01-12
1900,"news",2017-03-18
1901,"news",2011-05-09
1902,"romance",2014-09-18
1903,"action",2014-11-19
1904,"news",2018-12-08
1905,"action",2010-06-14
1906,"reality",2018-01-01
1907,"action",2015-04-05
1908,"news",2019-01-24
1909,"news",2014-02-05
1910,"romance",2011-07-05
1911,"reality",2014-04-09
1912,"talk",2015-02-17
1913,"talk",2017-04-27
1914,"cartoon",2018-02-04
1915,"horror",2017-03-13
1916,"news",2012-11-16
1917,"action",2019-09-17
1918,"talk",2011-12-21
1919,"comedy",2010-01-02
1920,"news",2018-03-26
1921,"cartoon",2013-10-16
1922,"romance",2019-01-15
1923,"horror",2013-10-29
1924,"news",2016-11-06
1925,"horror",2011-09-14
1926,"romance",2010-07-17
1927,"horror",2012-12-02
1928,"reality",2015-05-27
1929,"reality",2013-04-16
1930,"reality",2015-04-26
1931,"comedy",2012-01-04
1932,"horror",2018-06-20
1933,"romance",2017-12-02
1934,"news",2012-08-05
1935,"talk",2016-08-11
1936,"romance",2019-09-22
1937,"reality",2014-03-25
1938,"horror",2011-04-15
1939,"reality",2017-01-12
1940,"action",2017-12-28
1941,"news",2019-10-24
1942,"talk",2018-05-16
1943,"comedy",2016-04-25
1944,"reality",2010-10-17
1945,"horror",2016-12-16
1946,"romance",2015-09-01
1947,"action",2017-06-03
1948,"talk",2015-09-17
1949,"action",2016-01-31
1950,"romance",2012-08-02
1951,"romance",2010-03-17
1952,"reality",2019-04-06
1953,"news",2016-09-05
1954,"action",2011-03-04
1955,"reality",2019-12-07
1956,"romance",2013-11-22
1957,"reality",2014-11-09
1958,"comedy",2015-01-14
1959,"comedy",2011-08-28
1960,"romance",2018-02-01
1961,"talk",2017-11-24
1962,"news",2016-02-26
1963,"talk",2010-12-11
1964,"reality",2015-02-25
1965,"cartoon",2016-03-05
1966,"cartoon",2014-11-16
1967,"reality",2017-06-09
1968,"comedy",2011-03-05
1969,"action",2011-09-02
1970,"comedy",2019-07-02
1971,"romance",2017-06-11
1972,"horror",2019-05-14
1973,"news",2016-04-22
1974,"talk",2010-09-25
1975,"news",2011-12-14
1976,"romance",2012-01-14
1977,"comedy",2015-11-13
1978,"talk",2010-10-27
1979,"cartoon",2016-05-03
1980,"romance",2019-11-06
1981,"reality",2019-04-22
1982,"talk",2016-04-01
1983,"cartoon",2014-05-15
1984,"romance",2016-01-06
1985,"action",2017-01-27
1986,"talk",2012-01-03
1987,"horror",2016-06-26
1988,"talk",2011-05-09
1989,"action",2015-02-23
1990,"romance",2011-11-24
1991,"reality",2019-01-23
1992,"action",2017-10-16
1993,"romance",2019-02-05
1994,"cartoon",2011-06-13
1995,"cartoon",2017-04-23
1996,"romance",2010-10-09
1997,"action",2011-05-26
1998,"reality",2011-03-18
1999,"reality",2013-08-29
2000,"romance",2013-11-18
2001,"comedy",2019-05-18
2002,"romance",2012-08-12
2003,"romance",2010-09-28
2004,"cartoon",2011-10-04
2005,"talk",2012-06-28
2006,"horror",2017-10-14
2007,"horror",2010-06-24
2008,"talk",2013-04-03
2009,"romance",2012-05-14
2010,"romance",2019-02-12
2011,"cartoon",2017-11-10
2012,"action",2012-12-01
2013,"horror",2014-07-16
2014,"action",2010-12-04
2015,"news",2015-09-24
2016,"comedy",2016-09-10
2017,"romance",2010-07-20
2018,"news",2018-02-01
2019,"reality",2019-07-01
2020,"talk",2013-03-10
2021,"news",2010-02-21
2022,"horror",2017-12-13
2023,"romance",2014-08-25
2024,"news",2010-08-28
2025,"cartoon",2017-12-09
2026,"action",2014-07-27
2027,"cartoon",2014-05-10
2028,"cartoon",2014-06-29
2029,"comedy",2012-06-22
2030,"action",2019-03-26
2031,"horror",2012-12-17
2032,"horror",2017-03-04
2033,"romance",2013-12-02
2034,"talk",2014-06-29
2035,"reality",2015-10-24
2036,"cartoon",2015-02-14
2037,"reality",2017-09-02
2038,"romance",2019-03-07
2039,"reality",2015-12-21
2040,"talk",2011-02-05
2041,"cartoon",2013-07-15
2042,"talk",2010-07-13
2043,"horror",2014-02-17
2044,"news",2016-07-06
2045,"news",2011-12-30
2046,"reality",2014-12-21
2047,"comedy",2014-11-20
2048,"talk",2016-06-18
2049,"talk",2011-06-03
2050,"reality",2018-02-19
2051,"cartoon",2014-11-16
2052,"cartoon",2014-07-13
2053,"romance",2014-06-29
2054,"horror",2014-10-25
2055,"action",2015-02-07
2056,"action",2013-05-09
2057,"talk",2015-03-21
2058,"horror",2019-05-31
2059,"action",2012-01-09
2060,"horror",2017-09-20
2061,"talk",2018-02-24
2062,"comedy",2010-09-21
2063,"reality",2015-06-19
2064,"action",2013-07-27
2065,"horror",2013-04-01
2066,"cartoon",2010-08-21
2067,"comedy",2016-08-19
2068,"comedy",2010-10-09
2069,"action",2015-05-19
2070,"action",2018-10-01
2071,"news",2014-04-21
2072,"romance",2012-12-08
2073,"romance",2016-12-05
2074,"reality",2010-09-12
2075,"horror",2010-01-04
2076,"romance",2010-05-17
2077,"news",2017-08-13
2078,"reality",2012-02-28
2079,"romance",2013-10-14
2080,"cartoon",2016-09-03
2081,"romance",2010-03-01
2082,"cartoon",2012-10-17
2083,"reality",2010-11-12
2084,"horror",2019-03-09
2085,"news",2010-03-31
2086,"reality",2014-09-02
2087,"horror",2015-12-12
2088,"cartoon",2013-12-04
2089,"horror",2015-12-21
2090,"action",2010-08-29
2091,"horror",2014-11-08
2092,"action",2013-07-22
2093,"talk",2018-08-19
2094,"cartoon",2011-06-28
2095,"talk",2014-08-23
2096,"cartoon",2010-01-18
2097,"reality",2013-11-03
2098,"talk",2016-08-08
2099,"cartoon",2016-08-24
2100,"comedy",2011-08-04
2101,"reality",2012-05-02
2102,"horror",2011-05-25
2103,"talk",2012-01-29
2104,"romance",2018-12-11
2105,"talk",2015-07-23
2106,"romance",2019-06-29
2107,"news",2011-08-14
2108,"reality",2015-04-13
2109,"horror",2019-03-29
2110,"romance",2014-05-06
2111,"comedy",2010-09-13
2112,"action",2011-01-11
2113,"talk",2014-09-15
2114,"romance",2017-07-31
2115,"reality",2018-10-21
2116,"comedy",2012-03-12
2117,"romance",2019-03-25
2118,"reality",2017-12-17
2119,"cartoon",2015-11-22
2120,"news",2019-10-09
2121,"romance",2013-01-05
2122,"action",2010-12-15
2123,"talk",2016-05-23
2124,"news",2017-03-15
2125,"action",2018-11-24
2126,"news",2013-01-26
2127,"horror",2010-06-25
2128,"action",2013-11-08
2129,"action",2017-06-16
2130,"cartoon",2017-09-01
2131,"comedy",2012-07-20
2132,"cartoon",2019-09-19
2133,"reality",2016-04-29
2134,"action",2017-01-11
2135,"romance",2014-03-01
2136,"comedy",2016-06-01
2137,"talk",2010-12-19
2138,"cartoon",2017-05-14
2139,"action",2011-09-03
2140,"comedy",2017-08-16
2141,"talk",2019-09-01
2142,"horror",2017-02-26
2143,"comedy",2016-09-24
2144,"talk",2017-09-05
2145,"action",2018-07-17
2146,"news",2017-12-24
2147,"action",2011-06-13
2148,"action",2015-05-09
2149,"romance",2013-12-28
2150,"action",2017-08-20
2151,"news",2018-05-19
2152,"reality",2015-02-25
2153,"comedy",2016-09-01
2154,"romance",2016-05-11
2155,"cartoon",2011-04-20
2156,"talk",2013-03-31
2157,"talk",2012-01-16
2158,"news",2016-10-07
2159,"comedy",2013-06-30
2160,"action",2017-12-31
2161,"reality",2015-02-23
2162,"talk",2018-10-20
2163,"talk",2017-08-08
2164,"news",2013-09-15
2165,"talk",2018-11-20
2166,"reality",2018-10-25
2167,"romance",2015-08-04
2168,"romance",2014-12-04
2169,"cartoon",2015-06-02
2170,"horror",2011-04-09
2171,"horror",2019-06-21
2172,"cartoon",2019-03-19
2173,"reality",2015-04-15
2174,"comedy",2011-10-10
2175,"action",2017-02-07
2176,"talk",2019-09-24
2177,"action",2017-05-24
2178,"comedy",2018-08-02
2179,"news",2011-04-27
2180,"romance",2013-09-20
2181,"talk",2010-08-05
2182,"horror",2015-12-04
2183,"news",2012-08-22
2184,"comedy",2014-03-31
2185,"comedy",2019-12-04
2186,"comedy",2016-11-07
2187,"talk",2017-11-21
2188,"action",2011-10-04
2189,"romance",2014-01-11
2190,"romance",2012-03-22
2191,"horror",2016-08-05
2192,"action",2013-06-21
2193,"horror",2019-01-07
2194,"talk",2015-08-12
2195,"comedy",2015-09-25
2196,"comedy",2010-12-30
2197,"horror",2016-11-06
2198,"cartoon",2010-11-21
2199,"news",2019-09-14
2200,"reality",2018-04-18
2201,"action",2019-09-05
2202,"comedy",2014-10-21
2203,"action",2013-01-28
2204,"romance",2010-04-24
2205,"comedy",2018-09-05
2206,"news",2018-08-17
2207,"horror",2019-07-13
2208,"action",2012-06-24
2209,"talk",2019-03-16
2210,"reality",2019-04-29
2211,"cartoon",2011-07-16
2212,"reality",2011-06-18
2213,"reality",2015-10-01
2214,"action",2012-11-07
2215,"reality",2018-11-22
2216,"horror",2017-05-21
2217,"reality",2016-12-24
2218,"action",2010-02-11
2219,"comedy",2015-12-14
2220,"talk",2019-06-14
2221,"comedy",2010-02-24
2222,"comedy",2019-02-08
2223,"horror",2010-02-16
2224,"cartoon",2016-11-24
2225,"talk",2014-11-20
2226,"horror",2012-08-14
2227,"reality",2017-03-12
2228,"horror",2016-10-19
2229,"romance",2016-10-23
2230,"romance",2010-02-20
2231,"romance",2014-05-29
2232,"comedy",2011-04-18
2233,"romance",2014-06-20
2234,"romance",2014-12-30
2235,"horror",2018-11-14
2236,"romance",2014-05-21
2237,"cartoon",2010-01-05
2238,"action",2019-02-02
2239,"romance",2013-09-12
2240,"talk",2010-05-02
2241,"romance",2017-03-12
2242,"action",2012-04-22
2243,"romance",2013-06-26
2244,"reality",2016-04-08
2245,"news",2013-11-10
2246,"comedy",2015-11-23
2247,"action",2012-11-09
2248,"romance",2014-10-11
2249,"talk",2016-06-28
2250,"action",2010-03-31
2251,"talk",2011-09-13
2252,"news",2019-08-21
2253,"comedy",2017-08-20
2254,"romance",2013-02-28
2255,"reality",2017-03-09
2256,"comedy",2012-07-05
2257,"cartoon",2012-04-15
2258,"comedy",2012-02-08
2259,"horror",2012-04-08
2260,"reality",2011-10-16
2261,"comedy",2017-11-28
2262,"talk",2017-12-08
2263,"news",2014-12-05
2264,"reality",2011-08-23
2265,"romance",2011-10-04
2266,"action",2015-05-13
2267,"reality",2013-04-29
2268,"romance",2010-09-23
2269,"talk",2015-09-06
2270,"horror",2018-05-11
2271,"action",2015-10-11
2272,"reality",2019-08-20
2273,"talk",2010-08-29
2274,"comedy",2017-01-03
2275,"comedy",2017-12-01
2276,"cartoon",2017-12-02
2277,"talk",2017-08-02
2278,"reality",2018-12-05
2279,"reality",2013-03-20
2280,"action",2012-05-01
2281,"cartoon",2012-05-25
2282,"news",2014-12-29
2283,"romance",2016-07-22
2284,"talk",2010-06-01
2285,"cartoon",2016-10-29
2286,"reality",2017-10-06
2287,"cartoon",2015-10-26
2288,"reality",2010-11-17
2289,"action",2018-05-23
2290,"reality",2016-01-21
2291,"action",2017-11-13
2292,"reality",2014-07-26
2293,"romance",2015-01-21
2294,"talk",2011-10-24
2295,"action",2012-07-17
2296,"romance",2019-05-10
2297,"talk",2015-11-05
2298,"reality",2012-01-06
2299,"cartoon",2013-12-17
2300,"news",2014-10-21
2301,"comedy",2017-11-21
2302,"talk",2018-12-23
2303,"reality",2017-05-15
2304,"comedy",2011-02-25
2305,"talk",2018-04-29
2306,"horror",2019-03-03
2307,"action",2015-03-11
2308,"cartoon",2012-06-24
2309,"action",2013-02-21
2310,"reality",2013-12-07
2311,"comedy",2016-11-11
2312,"horror",2010-02-16
2313,"talk",2010-06-27
2314,"romance",2016-05-30
2315,"comedy",2010-08-27
2316,"cartoon",2017-06-22
2317,"reality",2014-02-27
2318,"comedy",2012-04-14
2319,"comedy",2013-09-28
2320,"cartoon",2017-06-04
2321,"cartoon",2018-11-19
2322,"reality",2017-04-23
2323,"comedy",2013-11-19
2324,"news",2013-12-31
2325,"reality",2013-08-06
2326,"horror",2012-09-07
2327,"comedy",2010-08-26
2328,"reality",2015-02-14
2329,"horror",2017-10-08
2330,"horror",2014-06-30
2331,"action",2010-03-01
2332,"cartoon",2018-03-13
2333,"action",2012-11-27
2334,"comedy",2019-03-18
2335,"comedy",2012-09-25
2336,"action",2011-11-16
2337,"reality",2019-12-03
2338,"talk",2014-09-11
2339,"action",2018-05-17
2340,"news",2012-12-30
2341,"reality",2017-12-20
2342,"horror",2011-02-24
2343,"news",2010-04-25
2344,"action",2010-12-08
2345,"romance",2017-02-24
2346,"talk",2012-06-11
2347,"cartoon",2019-03-27
2348,"reality",2011-03-14
2349,"news",2018-10-09
2350,"comedy",2012-01-18
2351,"talk",2011-05-28
2352,"romance",2014-02-18
2353,"talk",2010-07-30
2354,"reality",2014-08-09
2355,"talk",2012-07-02
2356,"news",2018-10-17
2357,"action",2011-03-31
2358,"cartoon",2013-10-20
2359,"cartoon",2019-10-09
2360,"horror",2011-08-04
2361,"cartoon",2019-10-02
2362,"horror",2012-07-16
2363,"news",2015-12-28
2364,"talk",2015-07-01
2365,"romance",2016-07-10
2366,"romance",2015-06-14
2367,"news",2017-10-06
2368,"news",2013-04-06
2369,"comedy",2011-04-10
2370,"talk",2016-07-04
2371,"talk",2012-03-04
2372,"reality",2018-10-11
2373,"talk",2017-06-01
2374,"cartoon",2010-05-20
2375,"news",2011-06-19
2376,"news",2010-01-11
2377,"talk",2014-01-21
2378,"comedy",2013-08-01
2379,"romance",2018-05-08
2380,"news",2010-04-18
2381,"reality",2010-08-14
2382,"news",2019-12-05
2383,"comedy",2017-12-29
2384,"comedy",2014-05-13
2385,"news",2018-08-01
2386,"action",2016-12-04
2387,"talk",2012-04-23
2388,"reality",2010-04-22
2389,"cartoon",2013-10-25
2390,"talk",2010-08-09
2391,"talk",2013-11-04
2392,"comedy",2018-10-23
